timestamp,room_temp_C,CO2_ppm,humidity_pct,sound_dB,occupancy
2026-06-07 00:00:00,21.2,450.0,49.2,35.5,0
2026-06-07 00:01:00,21.5,450.0,52.1,39.7,0
2026-06-07 00:02:00,21.3,450.0,50.4,35.1,0
2026-06-07 00:03:00,22.2,450.0,55.5,35.5,0
2026-06-07 00:04:00,22.5,450.0,50.7,35.7,0
2026-06-07 00:05:00,22.2,450.0,50.6,36.9,0
2026-06-07 00:06:00,22.8,450.0,50.7,36.5,0
2026-06-07 00:07:00,22.3,450.0,49.3,35.5,0
2026-06-07 00:08:00,22.4,450.0,50.6,35.4,0
2026-06-07 00:09:00,22.7,450.0,53.0,35.5,0
2026-06-07 00:10:00,23.0,450.0,51.1,36.4,0
2026-06-07 00:11:00,22.8,450.0,49.4,35.6,0
2026-06-07 00:12:00,23.2,450.0,49.2,40.9,0
2026-06-07 00:13:00,23.1,450.0,50.2,36.2,0
2026-06-07 00:14:00,22.8,450.0,51.4,35.1,0
2026-06-07 00:15:00,23.2,450.0,53.7,37.6,0
2026-06-07 00:16:00,23.3,450.0,48.7,35.8,0
2026-06-07 00:17:00,23.1,450.0,50.8,37.1,0
2026-06-07 00:18:00,23.3,450.0,51.9,35.7,0
2026-06-07 00:19:00,22.5,450.0,48.0,36.7,0
2026-06-07 00:20:00,22.9,450.0,50.1,38.0,0
2026-06-07 00:21:00,22.3,450.0,50.5,40.3,0
2026-06-07 00:22:00,22.2,450.0,50.3,35.6,0
2026-06-07 00:23:00,22.2,450.0,52.4,35.8,0
2026-06-07 00:24:00,22.0,450.0,51.8,36.2,0
2026-06-07 00:25:00,21.9,450.0,51.1,40.2,0
2026-06-07 00:26:00,21.8,450.0,53.1,39.6,0
2026-06-07 00:27:00,21.9,450.0,55.8,35.2,0
2026-06-07 00:28:00,21.4,450.0,55.7,35.3,0
2026-06-07 00:29:00,20.8,450.0,48.7,36.4,0
2026-06-07 00:30:00,21.4,450.0,53.7,35.2,0
2026-06-07 00:31:00,20.6,450.0,52.3,35.8,0
2026-06-07 00:32:00,20.6,450.0,53.1,35.3,0
2026-06-07 00:33:00,20.6,450.0,52.0,37.0,0
2026-06-07 00:34:00,20.3,450.0,53.2,41.0,0
2026-06-07 00:35:00,20.4,450.0,53.3,46.4,0
2026-06-07 00:36:00,20.0,450.0,51.9,35.9,0
2026-06-07 00:37:00,19.4,450.0,51.4,36.8,0
2026-06-07 00:38:00,20.2,450.0,52.4,38.9,0
2026-06-07 00:39:00,19.5,450.0,53.8,35.2,0
2026-06-07 00:40:00,19.3,450.0,54.6,37.3,0
2026-06-07 00:41:00,19.5,450.0,55.2,36.1,0
2026-06-07 00:42:00,19.2,450.0,52.6,35.5,0
2026-06-07 00:43:00,19.2,450.0,54.2,36.0,0
2026-06-07 00:44:00,19.8,450.0,55.7,35.2,0
2026-06-07 00:45:00,18.9,450.0,56.2,37.4,0
2026-06-07 00:46:00,18.9,450.0,53.8,35.6,0
2026-06-07 00:47:00,19.1,450.0,53.5,35.7,0
2026-06-07 00:48:00,19.4,450.0,54.4,35.3,0
2026-06-07 00:49:00,18.7,450.0,51.8,39.0,0
2026-06-07 00:50:00,18.7,450.0,53.8,36.4,0
2026-06-07 00:51:00,19.2,450.0,55.8,36.7,0
2026-06-07 00:52:00,19.0,450.0,55.7,36.7,0
2026-06-07 00:53:00,19.5,450.0,53.9,36.1,0
2026-06-07 00:54:00,20.0,450.0,55.0,35.4,0
2026-06-07 00:55:00,19.7,450.0,53.0,37.7,0
2026-06-07 00:56:00,19.8,450.0,56.1,35.3,0
2026-06-07 00:57:00,20.4,450.0,54.6,35.2,0
2026-06-07 00:58:00,20.8,450.0,54.3,37.5,0
2026-06-07 00:59:00,20.3,450.0,54.2,35.5,0
2026-06-07 01:00:00,21.3,450.0,54.9,35.7,0
2026-06-07 01:01:00,21.5,450.0,54.2,36.3,0
2026-06-07 01:02:00,21.7,450.0,56.5,36.2,0
2026-06-07 01:03:00,22.0,450.0,54.4,37.5,0
2026-06-07 01:04:00,22.5,450.0,58.5,37.0,0
2026-06-07 01:05:00,21.9,450.0,58.3,37.1,0
2026-06-07 01:06:00,22.2,450.0,53.7,37.5,0
2026-06-07 01:07:00,22.2,450.0,55.7,35.7,0
2026-06-07 01:08:00,22.5,450.0,54.3,35.8,0
2026-06-07 01:09:00,23.1,450.0,55.0,36.2,0
2026-06-07 01:10:00,22.3,450.0,59.7,35.7,0
2026-06-07 01:11:00,22.6,450.0,55.2,43.4,0
2026-06-07 01:12:00,23.3,450.0,56.6,38.4,0
2026-06-07 01:13:00,23.3,450.0,57.0,35.4,0
2026-06-07 01:14:00,22.9,450.0,54.0,35.0,0
2026-06-07 01:15:00,23.3,450.0,54.4,35.1,0
2026-06-07 01:16:00,23.1,450.0,53.7,35.6,0
2026-06-07 01:17:00,23.4,450.0,54.5,35.2,0
2026-06-07 01:18:00,22.9,450.0,50.6,36.5,0
2026-06-07 01:19:00,23.1,450.0,57.4,38.9,0
2026-06-07 01:20:00,23.5,450.0,60.5,37.7,0
2026-06-07 01:21:00,22.8,450.0,56.8,35.5,0
2026-06-07 01:22:00,22.5,450.0,53.7,36.0,0
2026-06-07 01:23:00,22.6,450.0,55.3,36.4,0
2026-06-07 01:24:00,22.1,450.0,55.8,38.3,0
2026-06-07 01:25:00,22.7,450.0,54.7,38.7,0
2026-06-07 01:26:00,21.9,450.0,58.5,39.8,0
2026-06-07 01:27:00,21.5,450.0,58.5,36.4,0
2026-06-07 01:28:00,21.2,450.0,54.6,37.4,0
2026-06-07 01:29:00,21.5,450.0,58.5,35.2,0
2026-06-07 01:30:00,21.3,450.0,60.1,36.7,0
2026-06-07 01:31:00,20.7,450.0,60.9,35.6,0
2026-06-07 01:32:00,20.8,450.0,62.9,36.1,0
2026-06-07 01:33:00,19.9,450.0,55.4,37.0,0
2026-06-07 01:34:00,20.3,450.0,63.0,35.6,0
2026-06-07 01:35:00,20.2,450.0,56.7,35.1,0
2026-06-07 01:36:00,20.4,450.0,56.2,35.0,0
2026-06-07 01:37:00,19.4,450.0,58.1,35.0,0
2026-06-07 01:38:00,19.1,450.0,56.4,35.0,0
2026-06-07 01:39:00,19.1,450.0,58.4,35.2,0
2026-06-07 01:40:00,18.9,450.0,55.0,35.5,0
2026-06-07 01:41:00,19.6,450.0,57.2,35.5,0
2026-06-07 01:42:00,19.6,450.0,60.3,43.7,0
2026-06-07 01:43:00,19.2,450.0,57.7,35.7,0
2026-06-07 01:44:00,19.4,450.0,58.2,35.3,0
2026-06-07 01:45:00,19.1,450.0,58.9,36.6,0
2026-06-07 01:46:00,19.0,450.0,60.3,38.9,0
2026-06-07 01:47:00,19.0,450.0,54.7,37.3,0
2026-06-07 01:48:00,19.0,450.0,59.3,35.7,0
2026-06-07 01:49:00,18.7,450.0,57.6,36.6,0
2026-06-07 01:50:00,19.4,450.0,58.5,37.5,0
2026-06-07 01:51:00,19.4,450.0,60.4,37.6,0
2026-06-07 01:52:00,19.8,450.0,55.9,37.2,0
2026-06-07 01:53:00,19.7,450.0,56.3,39.1,0
2026-06-07 01:54:00,19.8,450.0,54.5,39.1,0
2026-06-07 01:55:00,19.8,450.0,57.3,36.7,0
2026-06-07 01:56:00,20.3,450.0,61.1,36.1,0
2026-06-07 01:57:00,20.7,450.0,58.3,37.1,0
2026-06-07 01:58:00,20.3,450.0,55.9,38.4,0
2026-06-07 01:59:00,20.9,450.0,57.6,35.0,0
2026-06-07 02:00:00,21.1,450.0,55.7,44.7,0
2026-06-07 02:01:00,21.1,450.0,56.5,35.4,0
2026-06-07 02:02:00,21.3,450.0,59.5,36.3,0
2026-06-07 02:03:00,21.8,450.0,56.4,39.1,0
2026-06-07 02:04:00,21.6,450.0,61.1,35.5,0
2026-06-07 02:05:00,22.2,450.0,58.7,36.3,0
2026-06-07 02:06:00,22.0,450.0,59.1,35.3,0
2026-06-07 02:07:00,22.7,450.0,58.4,36.0,0
2026-06-07 02:08:00,23.3,450.0,60.5,35.4,0
2026-06-07 02:09:00,22.5,450.0,60.6,35.9,0
2026-06-07 02:10:00,23.0,450.0,59.7,35.9,0
2026-06-07 02:11:00,22.7,450.0,60.2,45.0,0
2026-06-07 02:12:00,23.3,450.0,58.7,45.5,0
2026-06-07 02:13:00,22.7,450.0,60.3,35.2,0
2026-06-07 02:14:00,23.2,450.0,58.5,37.6,0
2026-06-07 02:15:00,22.9,450.0,59.2,35.1,0
2026-06-07 02:16:00,23.0,450.0,58.7,35.1,0
2026-06-07 02:17:00,22.8,450.0,58.4,35.2,0
2026-06-07 02:18:00,23.3,450.0,58.0,41.7,0
2026-06-07 02:19:00,22.7,450.0,60.3,40.7,0
2026-06-07 02:20:00,23.0,450.0,62.0,35.4,0
2026-06-07 02:21:00,22.6,450.0,61.8,35.4,0
2026-06-07 02:22:00,22.6,450.0,56.9,35.6,0
2026-06-07 02:23:00,22.5,450.0,62.1,36.4,0
2026-06-07 02:24:00,22.1,450.0,58.9,36.7,0
2026-06-07 02:25:00,22.2,450.0,60.7,35.5,0
2026-06-07 02:26:00,22.4,450.0,57.8,37.8,0
2026-06-07 02:27:00,21.5,450.0,59.9,35.7,0
2026-06-07 02:28:00,21.9,450.0,60.2,40.1,0
2026-06-07 02:29:00,21.8,450.0,56.7,37.1,0
2026-06-07 02:30:00,20.9,450.0,60.9,36.1,0
2026-06-07 02:31:00,20.5,450.0,62.4,38.1,0
2026-06-07 02:32:00,20.9,450.0,59.4,38.4,0
2026-06-07 02:33:00,20.4,450.0,62.4,35.7,0
2026-06-07 02:34:00,20.9,450.0,59.4,35.8,0
2026-06-07 02:35:00,20.2,450.0,61.5,40.5,0
2026-06-07 02:36:00,19.8,450.0,55.3,35.4,0
2026-06-07 02:37:00,19.5,450.0,64.6,35.1,0
2026-06-07 02:38:00,20.0,450.0,62.8,36.2,0
2026-06-07 02:39:00,19.4,450.0,59.3,38.2,0
2026-06-07 02:40:00,19.5,450.0,55.9,38.0,0
2026-06-07 02:41:00,19.7,450.0,60.4,40.0,0
2026-06-07 02:42:00,19.2,450.0,57.0,36.5,0
2026-06-07 02:43:00,19.3,450.0,60.8,35.2,0
2026-06-07 02:44:00,19.2,450.0,60.7,36.8,0
2026-06-07 02:45:00,19.4,450.0,58.0,38.0,0
2026-06-07 02:46:00,19.4,450.0,62.2,35.2,0
2026-06-07 02:47:00,19.2,450.0,61.5,35.4,0
2026-06-07 02:48:00,19.4,450.0,61.9,35.0,0
2026-06-07 02:49:00,19.3,450.0,60.0,36.8,0
2026-06-07 02:50:00,19.1,450.0,57.1,39.4,0
2026-06-07 02:51:00,19.7,450.0,61.9,37.2,0
2026-06-07 02:52:00,20.4,450.0,59.4,43.0,0
2026-06-07 02:53:00,19.7,450.0,57.2,35.1,0
2026-06-07 02:54:00,19.9,450.0,62.7,39.7,0
2026-06-07 02:55:00,20.0,450.0,64.2,38.4,0
2026-06-07 02:56:00,20.7,450.0,59.9,35.8,0
2026-06-07 02:57:00,20.8,450.0,64.3,42.3,0
2026-06-07 02:58:00,20.9,450.0,60.2,35.7,0
2026-06-07 02:59:00,20.8,450.0,59.2,39.4,0
2026-06-07 03:00:00,21.4,450.0,58.7,39.3,0
2026-06-07 03:01:00,21.1,450.0,63.3,37.8,0
2026-06-07 03:02:00,21.8,450.0,58.4,36.7,0
2026-06-07 03:03:00,22.2,450.0,61.5,35.3,0
2026-06-07 03:04:00,21.8,450.0,58.9,36.5,0
2026-06-07 03:05:00,21.9,450.0,59.1,35.9,0
2026-06-07 03:06:00,23.0,450.0,62.0,38.1,0
2026-06-07 03:07:00,22.5,450.0,59.2,37.8,0
2026-06-07 03:08:00,23.2,450.0,59.2,39.8,0
2026-06-07 03:09:00,23.0,450.0,62.2,35.0,0
2026-06-07 03:10:00,23.1,450.0,63.2,38.3,0
2026-06-07 03:11:00,23.4,450.0,61.2,40.6,0
2026-06-07 03:12:00,23.0,450.0,58.6,38.1,0
2026-06-07 03:13:00,23.4,450.0,58.9,35.3,0
2026-06-07 03:14:00,23.3,450.0,60.1,35.2,0
2026-06-07 03:15:00,23.0,450.0,60.6,35.0,0
2026-06-07 03:16:00,23.5,450.0,57.9,37.0,0
2026-06-07 03:17:00,23.3,450.0,61.3,37.0,0
2026-06-07 03:18:00,23.3,450.0,60.0,43.7,0
2026-06-07 03:19:00,22.9,450.0,56.4,36.0,0
2026-06-07 03:20:00,23.7,450.0,58.0,35.8,0
2026-06-07 03:21:00,23.3,450.0,58.8,37.0,0
2026-06-07 03:22:00,23.2,450.0,59.7,38.5,0
2026-06-07 03:23:00,22.7,450.0,63.6,40.5,0
2026-06-07 03:24:00,22.1,450.0,60.3,38.3,0
2026-06-07 03:25:00,23.1,450.0,58.1,36.1,0
2026-06-07 03:26:00,22.3,450.0,60.2,37.0,0
2026-06-07 03:27:00,21.9,450.0,59.0,38.9,0
2026-06-07 03:28:00,22.1,450.0,60.4,36.3,0
2026-06-07 03:29:00,22.1,450.0,60.8,35.5,0
2026-06-07 03:30:00,21.5,450.0,62.1,35.4,0
2026-06-07 03:31:00,21.7,450.0,59.6,35.0,0
2026-06-07 03:32:00,21.5,450.0,62.9,37.5,0
2026-06-07 03:33:00,20.6,450.0,61.4,35.2,0
2026-06-07 03:34:00,20.5,450.0,58.1,35.6,0
2026-06-07 03:35:00,20.9,450.0,64.0,35.7,0
2026-06-07 03:36:00,19.6,450.0,60.2,36.6,0
2026-06-07 03:37:00,20.2,450.0,57.8,36.0,0
2026-06-07 03:38:00,19.7,450.0,62.8,37.2,0
2026-06-07 03:39:00,19.8,450.0,63.6,35.1,0
2026-06-07 03:40:00,19.8,450.0,59.3,35.3,0
2026-06-07 03:41:00,19.7,450.0,58.4,36.4,0
2026-06-07 03:42:00,19.6,450.0,59.0,35.8,0
2026-06-07 03:43:00,19.3,450.0,60.7,35.7,0
2026-06-07 03:44:00,20.3,450.0,61.8,35.1,0
2026-06-07 03:45:00,20.2,450.0,60.4,39.5,0
2026-06-07 03:46:00,19.3,450.0,59.4,37.4,0
2026-06-07 03:47:00,20.2,450.0,62.2,35.3,0
2026-06-07 03:48:00,19.6,450.0,58.5,35.1,0
2026-06-07 03:49:00,19.9,450.0,61.2,42.4,0
2026-06-07 03:50:00,19.9,450.0,58.5,37.3,0
2026-06-07 03:51:00,19.9,450.0,59.9,36.1,0
2026-06-07 03:52:00,20.5,450.0,58.8,37.4,0
2026-06-07 03:53:00,20.4,450.0,58.8,37.8,0
2026-06-07 03:54:00,20.4,450.0,58.2,38.0,0
2026-06-07 03:55:00,20.3,450.0,61.6,36.3,0
2026-06-07 03:56:00,20.7,450.0,57.4,36.1,0
2026-06-07 03:57:00,20.6,450.0,57.3,35.0,0
2026-06-07 03:58:00,21.3,450.0,63.0,40.2,0
2026-06-07 03:59:00,21.2,450.0,60.7,36.9,0
2026-06-07 04:00:00,21.7,450.0,53.9,35.5,0
2026-06-07 04:01:00,22.4,450.0,57.5,40.0,0
2026-06-07 04:02:00,22.6,450.0,54.9,39.9,0
2026-06-07 04:03:00,22.4,450.0,56.6,44.1,0
2026-06-07 04:04:00,22.6,450.0,52.2,39.1,0
2026-06-07 04:05:00,23.4,450.0,58.2,47.2,0
2026-06-07 04:06:00,23.2,450.0,56.1,35.6,0
2026-06-07 04:07:00,23.1,450.0,58.5,38.7,0
2026-06-07 04:08:00,22.9,450.0,55.0,38.5,0
2026-06-07 04:09:00,23.6,450.0,58.4,35.5,0
2026-06-07 04:10:00,23.8,450.0,57.4,35.2,0
2026-06-07 04:11:00,23.5,450.0,61.1,42.8,0
2026-06-07 04:12:00,23.9,450.0,60.9,35.7,0
2026-06-07 04:13:00,23.7,450.0,59.6,39.1,0
2026-06-07 04:14:00,23.8,450.0,57.3,35.0,0
2026-06-07 04:15:00,23.2,450.0,61.9,35.0,0
2026-06-07 04:16:00,23.8,450.0,54.8,36.3,0
2026-06-07 04:17:00,24.2,450.0,55.0,35.6,0
2026-06-07 04:18:00,23.6,450.0,57.6,37.3,0
2026-06-07 04:19:00,23.8,450.0,62.2,36.7,0
2026-06-07 04:20:00,23.5,450.0,57.3,35.2,0
2026-06-07 04:21:00,23.7,450.0,57.2,35.4,0
2026-06-07 04:22:00,23.4,450.0,54.7,36.0,0
2026-06-07 04:23:00,23.0,450.0,59.4,35.4,0
2026-06-07 04:24:00,23.6,450.0,59.3,38.2,0
2026-06-07 04:25:00,23.3,450.0,59.0,36.1,0
2026-06-07 04:26:00,22.6,450.0,56.1,35.2,0
2026-06-07 04:27:00,22.8,450.0,55.8,36.3,0
2026-06-07 04:28:00,22.6,450.0,54.6,35.2,0
2026-06-07 04:29:00,22.4,450.0,57.3,35.3,0
2026-06-07 04:30:00,21.5,450.0,54.9,35.6,0
2026-06-07 04:31:00,22.2,450.0,54.7,38.9,0
2026-06-07 04:32:00,21.5,450.0,56.1,40.2,0
2026-06-07 04:33:00,21.4,450.0,55.9,38.5,0
2026-06-07 04:34:00,22.1,450.0,55.7,35.8,0
2026-06-07 04:35:00,21.2,450.0,57.7,35.7,0
2026-06-07 04:36:00,20.8,450.0,56.8,36.6,0
2026-06-07 04:37:00,20.1,450.0,56.0,37.6,0
2026-06-07 04:38:00,21.1,450.0,56.9,45.1,0
2026-06-07 04:39:00,20.1,450.0,54.5,35.3,0
2026-06-07 04:40:00,20.1,450.0,56.6,35.1,0
2026-06-07 04:41:00,20.2,450.0,56.7,37.4,0
2026-06-07 04:42:00,20.7,450.0,53.3,38.6,0
2026-06-07 04:43:00,20.5,450.0,58.2,38.8,0
2026-06-07 04:44:00,20.2,450.0,54.4,37.3,0
2026-06-07 04:45:00,20.3,450.0,56.3,41.2,0
2026-06-07 04:46:00,20.0,450.0,58.3,36.5,0
2026-06-07 04:47:00,20.3,450.0,57.8,39.9,0
2026-06-07 04:48:00,20.4,450.0,55.9,41.9,0
2026-06-07 04:49:00,20.7,450.0,55.1,38.8,0
2026-06-07 04:50:00,20.8,450.0,57.6,35.8,0
2026-06-07 04:51:00,20.8,450.0,57.0,35.5,0
2026-06-07 04:52:00,20.7,450.0,54.4,36.6,0
2026-06-07 04:53:00,21.2,450.0,53.9,36.3,0
2026-06-07 04:54:00,21.1,450.0,51.3,39.3,0
2026-06-07 04:55:00,21.0,450.0,55.7,35.3,0
2026-06-07 04:56:00,21.4,450.0,55.1,35.6,0
2026-06-07 04:57:00,21.7,450.0,57.5,37.8,0
2026-06-07 04:58:00,22.2,450.0,55.9,35.3,0
2026-06-07 04:59:00,22.1,450.0,57.7,35.8,0
2026-06-07 05:00:00,22.0,450.0,53.6,36.0,0
2026-06-07 05:01:00,22.6,450.0,57.2,37.0,0
2026-06-07 05:02:00,22.8,450.0,53.8,35.4,0
2026-06-07 05:03:00,23.1,450.0,56.3,39.0,0
2026-06-07 05:04:00,23.5,450.0,51.8,36.3,0
2026-06-07 05:05:00,23.7,450.0,55.1,40.1,0
2026-06-07 05:06:00,23.4,450.0,50.6,36.3,0
2026-06-07 05:07:00,23.6,450.0,53.9,35.7,0
2026-06-07 05:08:00,23.6,450.0,55.3,35.4,0
2026-06-07 05:09:00,24.3,450.0,53.3,35.1,0
2026-06-07 05:10:00,24.6,450.0,52.1,36.6,0
2026-06-07 05:11:00,24.2,450.0,55.8,35.3,0
2026-06-07 05:12:00,24.3,450.0,53.9,36.1,0
2026-06-07 05:13:00,24.9,450.0,53.0,36.9,0
2026-06-07 05:14:00,24.7,450.0,54.0,35.8,0
2026-06-07 05:15:00,24.7,450.0,59.1,35.5,0
2026-06-07 05:16:00,24.2,450.0,56.1,38.1,0
2026-06-07 05:17:00,24.7,450.0,56.0,41.0,0
2026-06-07 05:18:00,24.2,450.0,54.5,35.4,0
2026-06-07 05:19:00,24.1,450.0,53.8,35.5,0
2026-06-07 05:20:00,24.2,450.0,48.6,41.6,0
2026-06-07 05:21:00,24.0,450.0,52.0,35.2,0
2026-06-07 05:22:00,24.0,450.0,52.3,42.8,0
2026-06-07 05:23:00,23.5,450.0,49.4,35.2,0
2026-06-07 05:24:00,24.1,450.0,50.8,39.3,0
2026-06-07 05:25:00,24.0,450.0,49.0,35.9,0
2026-06-07 05:26:00,22.9,450.0,52.8,40.8,0
2026-06-07 05:27:00,23.6,450.0,54.5,36.0,0
2026-06-07 05:28:00,22.9,450.0,55.0,37.3,0
2026-06-07 05:29:00,23.2,450.0,53.5,35.4,0
2026-06-07 05:30:00,22.7,450.0,50.7,35.8,0
2026-06-07 05:31:00,22.5,450.0,48.6,38.2,0
2026-06-07 05:32:00,22.3,450.0,48.9,36.8,0
2026-06-07 05:33:00,22.5,450.0,49.8,40.5,0
2026-06-07 05:34:00,21.6,450.0,50.5,36.4,0
2026-06-07 05:35:00,22.0,450.0,51.8,39.4,0
2026-06-07 05:36:00,21.9,450.0,50.1,36.5,0
2026-06-07 05:37:00,21.7,450.0,52.7,43.1,0
2026-06-07 05:38:00,22.0,450.0,51.4,41.8,0
2026-06-07 05:39:00,21.0,450.0,51.8,36.2,0
2026-06-07 05:40:00,21.4,450.0,54.0,39.7,0
2026-06-07 05:41:00,21.0,450.0,49.3,39.1,0
2026-06-07 05:42:00,21.3,450.0,52.4,35.9,0
2026-06-07 05:43:00,20.9,450.0,51.5,37.4,0
2026-06-07 05:44:00,20.8,450.0,50.7,35.6,0
2026-06-07 05:45:00,21.3,450.0,53.1,39.1,0
2026-06-07 05:46:00,20.8,450.0,53.0,35.8,0
2026-06-07 05:47:00,20.5,450.0,49.2,35.6,0
2026-06-07 05:48:00,20.9,450.0,50.7,36.5,0
2026-06-07 05:49:00,21.3,450.0,51.5,37.2,0
2026-06-07 05:50:00,21.6,450.0,50.3,39.4,0
2026-06-07 05:51:00,21.4,450.0,52.0,42.9,0
2026-06-07 05:52:00,21.9,450.0,51.3,36.7,0
2026-06-07 05:53:00,21.2,450.0,54.3,35.7,0
2026-06-07 05:54:00,21.7,450.0,47.5,38.4,0
2026-06-07 05:55:00,21.9,450.0,50.2,37.3,0
2026-06-07 05:56:00,22.2,450.0,48.5,36.9,0
2026-06-07 05:57:00,22.4,450.0,51.5,36.4,0
2026-06-07 05:58:00,22.8,450.0,46.9,37.1,0
2026-06-07 05:59:00,22.7,450.0,50.8,36.6,0
2026-06-07 06:00:00,23.1,450.0,48.7,38.6,0
2026-06-07 06:01:00,23.3,450.0,48.4,37.4,0
2026-06-07 06:02:00,23.2,450.0,46.9,40.0,0
2026-06-07 06:03:00,23.7,450.0,48.8,37.4,0
2026-06-07 06:04:00,23.9,450.0,51.8,36.4,0
2026-06-07 06:05:00,24.1,450.0,49.5,39.7,0
2026-06-07 06:06:00,24.3,450.0,50.7,37.6,0
2026-06-07 06:07:00,24.5,450.0,52.7,36.5,0
2026-06-07 06:08:00,24.5,450.0,49.8,38.0,0
2026-06-07 06:09:00,25.2,450.0,48.1,37.0,0
2026-06-07 06:10:00,24.6,450.0,50.1,39.8,0
2026-06-07 06:11:00,24.8,450.0,48.0,37.4,0
2026-06-07 06:12:00,26.0,450.0,47.9,38.8,0
2026-06-07 06:13:00,24.9,450.0,45.8,36.4,0
2026-06-07 06:14:00,24.8,450.0,50.6,37.3,0
2026-06-07 06:15:00,25.5,450.0,47.9,44.5,0
2026-06-07 06:16:00,24.6,450.0,49.0,39.7,0
2026-06-07 06:17:00,25.2,450.0,46.4,36.8,0
2026-06-07 06:18:00,25.8,450.0,49.3,37.1,0
2026-06-07 06:19:00,24.7,450.0,46.8,37.3,0
2026-06-07 06:20:00,24.5,450.0,48.0,38.6,0
2026-06-07 06:21:00,24.5,450.0,49.9,39.4,0
2026-06-07 06:22:00,25.1,450.0,49.7,39.4,0
2026-06-07 06:23:00,25.0,450.0,48.0,38.1,0
2026-06-07 06:24:00,24.4,450.0,44.4,40.1,0
2026-06-07 06:25:00,24.6,450.0,53.8,38.0,0
2026-06-07 06:26:00,24.6,450.0,51.2,37.1,0
2026-06-07 06:27:00,24.6,450.0,49.1,38.6,0
2026-06-07 06:28:00,23.8,450.0,46.1,43.1,0
2026-06-07 06:29:00,23.0,450.0,47.3,40.2,0
2026-06-07 06:30:00,23.2,450.0,46.3,38.8,0
2026-06-07 06:31:00,23.1,450.0,49.9,39.3,0
2026-06-07 06:32:00,23.0,450.0,47.8,42.6,0
2026-06-07 06:33:00,22.8,450.0,45.6,38.4,0
2026-06-07 06:34:00,23.0,450.0,46.1,38.2,0
2026-06-07 06:35:00,22.9,450.0,49.2,45.0,0
2026-06-07 06:36:00,22.3,450.0,50.1,41.5,0
2026-06-07 06:37:00,22.5,450.0,49.9,38.4,0
2026-06-07 06:38:00,22.2,450.0,48.3,38.9,0
2026-06-07 06:39:00,22.0,450.0,46.2,38.8,0
2026-06-07 06:40:00,22.1,450.0,40.1,38.1,0
2026-06-07 06:41:00,21.8,450.0,47.1,44.2,0
2026-06-07 06:42:00,22.3,450.0,46.4,39.0,0
2026-06-07 06:43:00,21.2,450.0,46.6,42.2,0
2026-06-07 06:44:00,21.5,450.0,46.4,38.6,0
2026-06-07 06:45:00,21.6,450.0,43.5,39.8,0
2026-06-07 06:46:00,21.8,450.0,47.2,38.4,0
2026-06-07 06:47:00,22.1,450.0,47.3,41.3,0
2026-06-07 06:48:00,21.8,450.0,47.3,40.2,0
2026-06-07 06:49:00,21.4,450.0,47.7,40.6,0
2026-06-07 06:50:00,22.2,450.0,47.0,38.8,0
2026-06-07 06:51:00,22.3,450.0,44.9,39.3,0
2026-06-07 06:52:00,21.7,450.0,45.5,39.0,0
2026-06-07 06:53:00,22.4,450.0,45.7,39.7,0
2026-06-07 06:54:00,22.1,450.0,45.7,41.1,0
2026-06-07 06:55:00,22.6,450.0,47.4,40.9,0
2026-06-07 06:56:00,22.7,450.0,46.6,41.2,0
2026-06-07 06:57:00,23.4,450.0,49.4,41.0,0
2026-06-07 06:58:00,23.4,450.0,49.6,40.2,0
2026-06-07 06:59:00,23.2,450.0,45.2,40.2,0
2026-06-07 07:00:00,24.1,450.0,37.3,40.0,0
2026-06-07 07:01:00,23.6,450.0,47.4,43.6,0
2026-06-07 07:02:00,24.4,450.0,43.8,41.9,0
2026-06-07 07:03:00,24.3,450.0,43.2,40.5,0
2026-06-07 07:04:00,24.6,450.0,43.9,40.6,0
2026-06-07 07:05:00,25.1,450.0,43.7,44.5,0
2026-06-07 07:06:00,25.3,450.0,45.8,43.2,0
2026-06-07 07:07:00,25.7,450.0,41.4,42.7,0
2026-06-07 07:08:00,25.4,450.0,42.3,41.7,0
2026-06-07 07:09:00,25.7,450.0,45.0,41.4,0
2026-06-07 07:10:00,25.6,450.0,45.5,48.7,0
2026-06-07 07:11:00,25.9,450.0,45.5,44.3,0
2026-06-07 07:12:00,26.0,450.0,42.5,41.9,0
2026-06-07 07:13:00,25.9,450.0,42.1,45.1,0
2026-06-07 07:14:00,25.5,450.0,43.0,44.3,0
2026-06-07 07:15:00,26.1,450.0,44.4,42.3,0
2026-06-07 07:16:00,26.2,450.0,46.8,42.9,0
2026-06-07 07:17:00,25.8,450.0,39.7,42.3,0
2026-06-07 07:18:00,25.6,450.0,43.3,42.3,0
2026-06-07 07:19:00,26.4,450.0,41.0,44.8,0
2026-06-07 07:20:00,26.0,450.0,40.3,43.0,0
2026-06-07 07:21:00,25.7,450.0,45.4,45.9,0
2026-06-07 07:22:00,25.3,450.0,44.5,53.5,0
2026-06-07 07:23:00,25.2,450.0,44.3,43.0,0
2026-06-07 07:24:00,25.7,450.0,45.2,44.2,0
2026-06-07 07:25:00,25.2,450.0,42.3,46.4,0
2026-06-07 07:26:00,24.8,450.0,42.3,46.4,0
2026-06-07 07:27:00,25.0,450.0,47.5,46.3,0
2026-06-07 07:28:00,24.4,450.0,42.6,44.4,0
2026-06-07 07:29:00,24.9,450.0,44.5,44.9,0
2026-06-07 07:30:00,24.6,450.0,42.9,45.7,0
2026-06-07 07:31:00,23.9,450.0,39.2,51.4,0
2026-06-07 07:32:00,23.7,450.0,38.7,45.0,0
2026-06-07 07:33:00,22.9,450.0,41.6,49.5,0
2026-06-07 07:34:00,23.0,450.0,44.8,45.2,0
2026-06-07 07:35:00,22.9,450.0,44.2,53.7,0
2026-06-07 07:36:00,23.2,450.0,44.4,47.1,0
2026-06-07 07:37:00,22.9,450.0,40.5,46.3,0
2026-06-07 07:38:00,22.4,450.0,45.7,47.1,0
2026-06-07 07:39:00,22.7,450.0,40.5,46.0,0
2026-06-07 07:40:00,22.8,450.0,42.8,46.2,0
2026-06-07 07:41:00,22.7,450.0,42.3,46.0,0
2026-06-07 07:42:00,21.9,450.0,41.9,46.1,0
2026-06-07 07:43:00,22.4,450.0,44.9,46.9,0
2026-06-07 07:44:00,22.0,450.0,40.7,49.1,0
2026-06-07 07:45:00,22.7,450.0,39.4,48.3,0
2026-06-07 07:46:00,22.7,450.0,42.1,46.8,0
2026-06-07 07:47:00,22.2,450.0,41.2,50.6,0
2026-06-07 07:48:00,22.3,450.0,48.7,48.7,0
2026-06-07 07:49:00,22.5,450.0,43.2,53.6,0
2026-06-07 07:50:00,22.1,450.0,41.0,49.5,0
2026-06-07 07:51:00,23.0,450.0,39.6,47.8,0
2026-06-07 07:52:00,23.0,450.0,37.9,48.9,0
2026-06-07 07:53:00,23.5,450.0,39.6,49.9,0
2026-06-07 07:54:00,23.0,450.0,41.8,48.0,0
2026-06-07 07:55:00,23.4,450.0,44.4,48.1,0
2026-06-07 07:56:00,23.3,450.0,43.8,48.6,0
2026-06-07 07:57:00,23.7,450.0,41.9,49.0,0
2026-06-07 07:58:00,23.8,450.0,40.8,49.7,0
2026-06-07 07:59:00,24.7,450.0,41.9,50.1,0
2026-06-07 08:00:00,24.4,449.0,40.3,49.3,1
2026-06-07 08:01:00,24.9,447.0,44.7,51.4,1
2026-06-07 08:02:00,25.0,445.0,40.9,51.1,1
2026-06-07 08:03:00,24.9,462.0,41.0,50.1,1
2026-06-07 08:04:00,25.4,433.0,36.7,49.6,1
2026-06-07 08:05:00,25.9,502.0,40.7,49.9,1
2026-06-07 08:06:00,25.5,421.0,42.8,50.9,1
2026-06-07 08:07:00,26.3,495.0,38.9,50.4,1
2026-06-07 08:08:00,26.0,474.0,39.5,51.2,1
2026-06-07 08:09:00,26.2,452.0,42.6,52.4,1
2026-06-07 08:10:00,26.6,498.0,38.0,52.2,1
2026-06-07 08:11:00,26.4,449.0,43.0,51.3,1
2026-06-07 08:12:00,26.7,501.0,39.8,51.7,1
2026-06-07 08:13:00,26.7,461.0,40.1,52.9,1
2026-06-07 08:14:00,26.8,522.0,38.5,55.1,1
2026-06-07 08:15:00,26.1,485.0,41.5,54.1,1
2026-06-07 08:16:00,26.3,503.0,45.6,53.1,1
2026-06-07 08:17:00,27.0,530.0,42.3,52.5,1
2026-06-07 08:18:00,27.1,502.0,38.9,52.7,1
2026-06-07 08:19:00,26.4,527.0,42.9,56.1,1
2026-06-07 08:20:00,26.5,488.0,40.0,52.1,1
2026-06-07 08:21:00,26.6,556.0,43.3,61.0,1
2026-06-07 08:22:00,26.6,595.0,42.2,54.5,1
2026-06-07 08:23:00,25.6,630.0,34.6,54.7,1
2026-06-07 08:24:00,25.8,553.0,38.5,52.6,1
2026-06-07 08:25:00,25.8,578.0,42.4,54.6,1
2026-06-07 08:26:00,26.0,505.0,40.7,54.1,1
2026-06-07 08:27:00,26.3,608.0,38.4,53.2,1
2026-06-07 08:28:00,25.3,590.0,39.1,53.7,1
2026-06-07 08:29:00,24.8,556.0,36.6,57.6,1
2026-06-07 08:30:00,25.1,612.0,40.2,54.9,1
2026-06-07 08:31:00,25.2,572.0,44.7,54.5,1
2026-06-07 08:32:00,24.6,570.0,41.9,53.6,1
2026-06-07 08:33:00,24.1,602.0,44.7,56.1,1
2026-06-07 08:34:00,24.5,560.0,42.0,56.1,1
2026-06-07 08:35:00,24.3,626.0,42.3,55.7,1
2026-06-07 08:36:00,23.6,568.0,44.2,55.3,1
2026-06-07 08:37:00,23.9,573.0,41.0,55.1,1
2026-06-07 08:38:00,23.9,581.0,39.8,55.9,1
2026-06-07 08:39:00,23.8,635.0,42.2,54.7,1
2026-06-07 08:40:00,23.4,598.0,43.1,59.9,1
2026-06-07 08:41:00,23.2,580.0,39.2,56.1,1
2026-06-07 08:42:00,23.6,607.0,38.7,55.1,1
2026-06-07 08:43:00,22.8,628.0,40.4,55.6,1
2026-06-07 08:44:00,23.3,598.0,41.8,57.8,1
2026-06-07 08:45:00,22.8,603.0,41.7,54.9,1
2026-06-07 08:46:00,23.5,705.0,37.2,55.3,1
2026-06-07 08:47:00,23.2,620.0,43.9,56.9,1
2026-06-07 08:48:00,23.7,640.0,38.8,55.5,1
2026-06-07 08:49:00,23.6,643.0,39.5,57.9,1
2026-06-07 08:50:00,23.1,646.0,38.2,55.1,1
2026-06-07 08:51:00,24.1,681.0,45.4,57.7,1
2026-06-07 08:52:00,24.2,695.0,40.5,55.0,1
2026-06-07 08:53:00,24.2,662.0,38.3,54.9,1
2026-06-07 08:54:00,23.9,638.0,41.7,59.5,1
2026-06-07 08:55:00,24.2,717.0,41.5,56.7,1
2026-06-07 08:56:00,24.5,680.0,39.6,55.8,1
2026-06-07 08:57:00,24.5,739.0,41.7,55.5,1
2026-06-07 08:58:00,25.4,624.0,38.4,56.9,1
2026-06-07 08:59:00,25.2,702.0,39.0,56.4,1
2026-06-07 09:00:00,24.6,758.0,36.0,64.6,1
2026-06-07 09:01:00,25.7,694.0,37.4,63.2,1
2026-06-07 09:02:00,25.7,702.0,43.6,57.0,1
2026-06-07 09:03:00,26.0,721.0,43.3,56.2,1
2026-06-07 09:04:00,26.1,700.0,40.1,56.3,1
2026-06-07 09:05:00,26.7,711.0,43.3,57.3,1
2026-06-07 09:06:00,26.9,715.0,39.7,55.2,1
2026-06-07 09:07:00,26.9,710.0,39.5,55.7,1
2026-06-07 09:08:00,26.8,770.0,40.1,55.0,1
2026-06-07 09:09:00,27.1,751.0,39.8,55.0,1
2026-06-07 09:10:00,27.2,749.0,39.6,55.3,1
2026-06-07 09:11:00,27.1,770.0,42.3,56.1,1
2026-06-07 09:12:00,27.6,742.0,40.4,57.8,1
2026-06-07 09:13:00,27.6,731.0,41.5,56.0,1
2026-06-07 09:14:00,28.0,740.0,42.1,55.5,1
2026-06-07 09:15:00,27.9,763.0,40.9,54.8,1
2026-06-07 09:16:00,27.3,735.0,38.2,56.1,1
2026-06-07 09:17:00,27.8,756.0,37.4,55.1,1
2026-06-07 09:18:00,27.2,760.0,40.4,56.3,1
2026-06-07 09:19:00,27.6,843.0,39.8,61.9,1
2026-06-07 09:20:00,27.2,700.0,40.3,54.5,1
2026-06-07 09:21:00,26.9,782.0,40.1,54.7,1
2026-06-07 09:22:00,27.2,843.0,45.4,55.4,1
2026-06-07 09:23:00,26.2,799.0,37.5,60.9,1
2026-06-07 09:24:00,26.3,823.0,36.2,56.9,1
2026-06-07 09:25:00,26.6,807.0,40.9,58.4,1
2026-06-07 09:26:00,26.5,788.0,39.5,54.6,1
2026-06-07 09:27:00,26.2,745.0,40.9,63.3,1
2026-06-07 09:28:00,25.6,823.0,41.5,53.8,1
2026-06-07 09:29:00,25.7,798.0,42.9,53.6,1
2026-06-07 09:30:00,25.8,801.0,37.3,57.2,1
2026-06-07 09:31:00,25.7,814.0,39.3,58.5,1
2026-06-07 09:32:00,25.3,886.0,41.2,53.3,1
2026-06-07 09:33:00,25.5,910.0,42.0,53.2,1
2026-06-07 09:34:00,25.0,848.0,44.8,53.0,1
2026-06-07 09:35:00,24.5,832.0,42.4,53.0,1
2026-06-07 09:36:00,24.5,815.0,40.4,53.1,1
2026-06-07 09:37:00,24.0,868.0,38.7,59.5,1
2026-06-07 09:38:00,24.3,912.0,39.4,54.6,1
2026-06-07 09:39:00,24.5,855.0,39.4,55.3,1
2026-06-07 09:40:00,24.3,795.0,41.9,55.1,1
2026-06-07 09:41:00,24.4,891.0,41.1,53.5,1
2026-06-07 09:42:00,23.8,905.0,38.0,55.1,1
2026-06-07 09:43:00,24.3,832.0,39.8,53.6,1
2026-06-07 09:44:00,23.8,889.0,42.5,52.4,1
2026-06-07 09:45:00,24.3,901.0,41.5,53.1,1
2026-06-07 09:46:00,23.9,889.0,41.9,52.8,1
2026-06-07 09:47:00,24.1,872.0,41.6,54.6,1
2026-06-07 09:48:00,24.4,930.0,44.1,59.0,1
2026-06-07 09:49:00,24.0,892.0,41.4,51.9,1
2026-06-07 09:50:00,24.2,864.0,40.2,53.6,1
2026-06-07 09:51:00,24.7,851.0,39.1,50.8,1
2026-06-07 09:52:00,24.4,954.0,41.5,53.4,1
2026-06-07 09:53:00,24.2,939.0,36.2,51.2,1
2026-06-07 09:54:00,25.4,928.0,40.7,50.2,1
2026-06-07 09:55:00,24.8,916.0,40.7,50.9,1
2026-06-07 09:56:00,25.2,917.0,38.4,51.7,1
2026-06-07 09:57:00,25.7,905.0,39.4,49.9,1
2026-06-07 09:58:00,25.4,929.0,42.9,54.7,1
2026-06-07 09:59:00,25.5,882.0,41.8,49.5,1
2026-06-07 10:00:00,26.1,928.0,41.5,54.5,1
2026-06-07 10:01:00,25.7,945.0,42.0,51.5,1
2026-06-07 10:02:00,26.4,977.0,41.6,49.7,1
2026-06-07 10:03:00,26.7,961.0,44.0,49.7,1
2026-06-07 10:04:00,26.8,991.0,41.8,51.3,1
2026-06-07 10:05:00,26.6,1011.0,38.6,50.3,1
2026-06-07 10:06:00,27.7,1007.0,44.9,50.5,1
2026-06-07 10:07:00,27.4,993.0,42.4,49.1,1
2026-06-07 10:08:00,28.0,984.0,40.5,49.3,1
2026-06-07 10:09:00,27.6,958.0,39.3,57.0,1
2026-06-07 10:10:00,27.6,1014.0,42.6,48.1,1
2026-06-07 10:11:00,28.0,1046.0,41.6,48.6,1
2026-06-07 10:12:00,28.0,1010.0,45.1,48.0,1
2026-06-07 10:13:00,27.7,1062.0,41.3,50.1,1
2026-06-07 10:14:00,28.6,963.0,40.3,49.9,1
2026-06-07 10:15:00,28.0,978.0,43.9,47.6,1
2026-06-07 10:16:00,27.6,1042.0,44.0,46.9,1
2026-06-07 10:17:00,28.5,1029.0,42.5,46.6,1
2026-06-07 10:18:00,27.9,1064.0,43.6,47.6,1
2026-06-07 10:19:00,27.8,1029.0,42.2,47.4,1
2026-06-07 10:20:00,27.4,1007.0,42.8,55.1,1
2026-06-07 10:21:00,28.3,1031.0,44.7,47.3,1
2026-06-07 10:22:00,27.3,996.0,43.7,46.5,1
2026-06-07 10:23:00,27.6,1012.0,42.2,50.2,1
2026-06-07 10:24:00,27.7,1079.0,45.3,46.9,1
2026-06-07 10:25:00,27.4,1080.0,37.9,47.3,1
2026-06-07 10:26:00,27.0,1069.0,46.8,45.5,1
2026-06-07 10:27:00,26.4,1011.0,39.3,46.2,1
2026-06-07 10:28:00,26.4,1056.0,41.6,50.8,1
2026-06-07 10:29:00,26.5,1034.0,42.8,46.7,1
2026-06-07 10:30:00,26.0,1110.0,42.6,45.6,1
2026-06-07 10:31:00,26.1,1062.0,45.0,46.6,1
2026-06-07 10:32:00,26.1,1051.0,40.9,49.4,1
2026-06-07 10:33:00,26.0,1088.0,43.6,45.1,1
2026-06-07 10:34:00,25.1,1072.0,42.0,45.7,1
2026-06-07 10:35:00,26.0,1140.0,43.8,50.6,1
2026-06-07 10:36:00,25.4,1078.0,43.2,44.5,1
2026-06-07 10:37:00,25.0,1062.0,43.6,46.5,1
2026-06-07 10:38:00,25.2,1044.0,42.3,45.8,1
2026-06-07 10:39:00,25.4,1112.0,42.5,46.0,1
2026-06-07 10:40:00,24.2,1100.0,44.1,44.5,1
2026-06-07 10:41:00,24.5,1078.0,45.5,44.3,1
2026-06-07 10:42:00,23.8,1161.0,42.5,45.8,1
2026-06-07 10:43:00,24.5,1149.0,42.0,43.8,1
2026-06-07 10:44:00,24.5,1132.0,45.1,44.4,1
2026-06-07 10:45:00,24.4,1178.0,43.8,43.6,1
2026-06-07 10:46:00,24.2,1162.0,45.6,43.1,1
2026-06-07 10:47:00,23.8,1121.0,42.2,50.0,1
2026-06-07 10:48:00,24.6,1119.0,40.6,44.1,1
2026-06-07 10:49:00,25.0,1179.0,43.1,49.8,1
2026-06-07 10:50:00,24.5,1170.0,42.7,43.1,1
2026-06-07 10:51:00,25.0,1168.0,44.2,44.5,1
2026-06-07 10:52:00,24.5,1141.0,43.1,43.1,1
2026-06-07 10:53:00,25.3,1189.0,46.0,45.7,1
2026-06-07 10:54:00,25.2,1152.0,44.0,45.6,1
2026-06-07 10:55:00,25.3,1176.0,44.9,42.7,1
2026-06-07 10:56:00,25.4,1227.0,45.0,47.3,1
2026-06-07 10:57:00,25.8,1168.0,45.2,42.8,1
2026-06-07 10:58:00,26.2,1144.0,44.8,44.2,1
2026-06-07 10:59:00,25.9,1164.0,45.9,50.7,1
2026-06-07 11:00:00,26.4,1230.0,43.4,46.5,0
2026-06-07 11:01:00,26.7,450.0,47.9,48.5,0
2026-06-07 11:02:00,26.6,450.0,44.7,43.0,0
2026-06-07 11:03:00,27.7,450.0,42.6,42.3,0
2026-06-07 11:04:00,27.1,450.0,45.7,42.5,0
2026-06-07 11:05:00,27.4,450.0,43.7,43.5,0
2026-06-07 11:06:00,27.4,450.0,46.8,45.2,0
2026-06-07 11:07:00,28.4,450.0,50.0,42.4,0
2026-06-07 11:08:00,28.2,450.0,44.0,44.2,0
2026-06-07 11:09:00,27.9,450.0,46.4,42.8,0
2026-06-07 11:10:00,28.6,450.0,42.3,42.8,0
2026-06-07 11:11:00,28.5,450.0,46.8,44.2,0
2026-06-07 11:12:00,28.6,450.0,44.2,43.3,0
2026-06-07 11:13:00,28.5,450.0,44.8,45.3,0
2026-06-07 11:14:00,28.4,450.0,43.9,42.3,0
2026-06-07 11:15:00,28.7,450.0,47.6,45.1,0
2026-06-07 11:16:00,28.4,450.0,48.3,42.2,0
2026-06-07 11:17:00,29.1,450.0,46.4,42.5,0
2026-06-07 11:18:00,28.2,450.0,44.7,44.2,0
2026-06-07 11:19:00,28.9,450.0,49.7,45.9,0
2026-06-07 11:20:00,28.3,450.0,45.1,42.7,0
2026-06-07 11:21:00,28.4,450.0,42.3,42.9,0
2026-06-07 11:22:00,28.4,450.0,47.7,43.7,0
2026-06-07 11:23:00,27.8,450.0,44.6,42.7,0
2026-06-07 11:24:00,28.1,450.0,48.9,45.6,0
2026-06-07 11:25:00,26.9,450.0,46.2,45.3,0
2026-06-07 11:26:00,27.3,450.0,48.3,42.7,0
2026-06-07 11:27:00,27.0,450.0,50.0,43.6,0
2026-06-07 11:28:00,26.7,450.0,44.8,45.4,0
2026-06-07 11:29:00,26.8,450.0,46.2,43.3,0
2026-06-07 11:30:00,26.8,450.0,47.3,44.6,0
2026-06-07 11:31:00,26.7,450.0,50.6,42.7,0
2026-06-07 11:32:00,26.4,450.0,46.3,44.6,0
2026-06-07 11:33:00,25.9,450.0,46.5,43.1,0
2026-06-07 11:34:00,26.0,450.0,48.7,46.4,0
2026-06-07 11:35:00,25.8,450.0,46.7,43.8,0
2026-06-07 11:36:00,25.8,450.0,48.2,43.6,0
2026-06-07 11:37:00,25.6,450.0,44.9,46.7,0
2026-06-07 11:38:00,25.3,450.0,52.5,43.2,0
2026-06-07 11:39:00,24.9,450.0,45.5,44.2,0
2026-06-07 11:40:00,24.8,450.0,47.6,44.2,0
2026-06-07 11:41:00,24.8,450.0,48.3,44.0,0
2026-06-07 11:42:00,24.8,450.0,52.3,48.3,0
2026-06-07 11:43:00,24.9,450.0,45.9,46.3,0
2026-06-07 11:44:00,25.0,450.0,52.6,43.8,0
2026-06-07 11:45:00,24.8,450.0,50.2,46.2,0
2026-06-07 11:46:00,24.8,450.0,49.6,45.3,0
2026-06-07 11:47:00,24.9,450.0,46.9,48.6,0
2026-06-07 11:48:00,24.7,450.0,50.1,44.8,0
2026-06-07 11:49:00,24.7,450.0,47.6,45.8,0
2026-06-07 11:50:00,24.6,450.0,51.7,45.6,0
2026-06-07 11:51:00,25.0,450.0,47.3,45.7,0
2026-06-07 11:52:00,25.5,450.0,49.1,45.7,0
2026-06-07 11:53:00,25.3,450.0,48.3,45.0,0
2026-06-07 11:54:00,25.6,450.0,47.5,47.5,0
2026-06-07 11:55:00,26.0,450.0,51.0,46.0,0
2026-06-07 11:56:00,26.2,450.0,50.7,51.3,0
2026-06-07 11:57:00,25.9,450.0,52.2,45.6,0
2026-06-07 11:58:00,26.7,450.0,46.3,47.4,0
2026-06-07 11:59:00,27.0,450.0,52.0,50.9,0
2026-06-07 12:00:00,26.5,455.0,55.0,47.5,1
2026-06-07 12:01:00,26.8,450.0,49.2,49.6,1
2026-06-07 12:02:00,27.6,445.0,54.0,49.1,1
2026-06-07 12:03:00,27.4,467.0,49.7,46.6,1
2026-06-07 12:04:00,27.0,443.0,47.6,47.6,1
2026-06-07 12:05:00,27.5,469.0,49.8,46.3,1
2026-06-07 12:06:00,28.0,450.0,52.6,47.6,1
2026-06-07 12:07:00,27.9,450.0,48.9,46.7,1
2026-06-07 12:08:00,28.2,457.0,49.5,49.0,1
2026-06-07 12:09:00,28.5,465.0,52.0,47.9,1
2026-06-07 12:10:00,29.1,474.0,50.9,47.6,1
2026-06-07 12:11:00,28.6,482.0,52.1,47.3,1
2026-06-07 12:12:00,29.1,406.0,51.5,60.0,1
2026-06-07 12:13:00,29.3,466.0,52.1,47.0,1
2026-06-07 12:14:00,29.3,477.0,50.4,47.1,1
2026-06-07 12:15:00,29.0,518.0,51.8,47.6,1
2026-06-07 12:16:00,28.3,468.0,49.5,54.3,1
2026-06-07 12:17:00,29.0,496.0,54.1,55.1,1
2026-06-07 12:18:00,29.1,525.0,50.3,49.6,1
2026-06-07 12:19:00,28.7,471.0,53.9,51.8,1
2026-06-07 12:20:00,29.2,508.0,51.3,48.1,1
2026-06-07 12:21:00,28.8,486.0,52.2,54.9,1
2026-06-07 12:22:00,28.6,495.0,50.9,48.2,1
2026-06-07 12:23:00,28.6,491.0,50.0,48.2,1
2026-06-07 12:24:00,28.2,495.0,48.6,48.3,1
2026-06-07 12:25:00,27.2,567.0,50.1,49.9,1
2026-06-07 12:26:00,27.6,532.0,51.6,51.3,1
2026-06-07 12:27:00,27.9,540.0,52.8,49.3,1
2026-06-07 12:28:00,27.1,530.0,54.4,56.1,1
2026-06-07 12:29:00,27.1,490.0,51.6,49.7,1
2026-06-07 12:30:00,26.6,533.0,50.8,49.0,1
2026-06-07 12:31:00,27.3,549.0,49.8,50.0,1
2026-06-07 12:32:00,27.0,513.0,53.7,51.1,1
2026-06-07 12:33:00,26.1,552.0,55.6,52.5,1
2026-06-07 12:34:00,26.2,549.0,55.5,50.2,1
2026-06-07 12:35:00,25.8,575.0,54.4,50.9,1
2026-06-07 12:36:00,26.0,532.0,54.4,49.8,1
2026-06-07 12:37:00,25.8,521.0,56.6,51.3,1
2026-06-07 12:38:00,25.7,538.0,53.9,57.8,1
2026-06-07 12:39:00,25.5,576.0,54.6,49.5,1
2026-06-07 12:40:00,26.1,513.0,52.8,53.8,1
2026-06-07 12:41:00,24.8,511.0,50.8,51.1,1
2026-06-07 12:42:00,24.6,557.0,52.2,50.1,1
2026-06-07 12:43:00,24.9,549.0,53.6,55.8,1
2026-06-07 12:44:00,24.5,560.0,53.9,51.0,1
2026-06-07 12:45:00,24.5,581.0,57.7,50.5,1
2026-06-07 12:46:00,24.7,554.0,54.1,50.2,1
2026-06-07 12:47:00,24.7,530.0,56.3,50.4,1
2026-06-07 12:48:00,24.8,611.0,53.2,53.4,1
2026-06-07 12:49:00,25.3,553.0,53.5,51.8,1
2026-06-07 12:50:00,25.1,554.0,51.6,54.8,1
2026-06-07 12:51:00,25.3,600.0,52.8,50.5,1
2026-06-07 12:52:00,25.8,572.0,55.4,50.2,1
2026-06-07 12:53:00,25.4,581.0,54.5,50.0,1
2026-06-07 12:54:00,25.7,595.0,56.4,51.4,1
2026-06-07 12:55:00,26.1,609.0,55.0,62.8,1
2026-06-07 12:56:00,25.6,583.0,54.0,52.4,1
2026-06-07 12:57:00,25.7,623.0,59.1,50.8,1
2026-06-07 12:58:00,26.7,552.0,54.7,54.3,1
2026-06-07 12:59:00,26.9,613.0,57.3,53.1,1
2026-06-07 13:00:00,27.6,583.0,54.2,50.1,1
2026-06-07 13:01:00,27.3,630.0,56.5,53.5,1
2026-06-07 13:02:00,27.7,608.0,57.0,50.8,1
2026-06-07 13:03:00,27.6,594.0,55.6,50.4,1
2026-06-07 13:04:00,27.9,623.0,50.6,50.5,1
2026-06-07 13:05:00,28.5,630.0,55.4,51.3,1
2026-06-07 13:06:00,27.5,628.0,57.9,51.1,1
2026-06-07 13:07:00,28.5,597.0,56.6,50.6,1
2026-06-07 13:08:00,29.1,610.0,56.5,50.3,1
2026-06-07 13:09:00,28.7,622.0,52.2,52.8,1
2026-06-07 13:10:00,29.2,624.0,54.3,59.1,1
2026-06-07 13:11:00,28.6,642.0,56.6,52.8,1
2026-06-07 13:12:00,28.9,590.0,56.7,50.5,1
2026-06-07 13:13:00,29.0,639.0,58.4,50.3,1
2026-06-07 13:14:00,28.3,629.0,55.7,50.2,1
2026-06-07 13:15:00,28.6,621.0,56.9,49.9,1
2026-06-07 13:16:00,28.7,625.0,56.2,51.2,1
2026-06-07 13:17:00,29.2,638.0,54.3,51.4,1
2026-06-07 13:18:00,29.2,573.0,51.8,51.9,1
2026-06-07 13:19:00,28.9,633.0,57.2,51.6,1
2026-06-07 13:20:00,29.0,632.0,56.8,50.0,1
2026-06-07 13:21:00,28.6,663.0,55.3,50.0,1
2026-06-07 13:22:00,28.8,639.0,53.3,51.4,1
2026-06-07 13:23:00,28.3,653.0,57.9,49.9,1
2026-06-07 13:24:00,28.2,691.0,56.2,49.5,1
2026-06-07 13:25:00,27.9,682.0,57.9,49.8,1
2026-06-07 13:26:00,28.0,683.0,60.5,49.4,1
2026-06-07 13:27:00,27.5,658.0,52.6,48.9,1
2026-06-07 13:28:00,27.7,681.0,55.5,52.2,1
2026-06-07 13:29:00,26.9,668.0,56.6,52.4,1
2026-06-07 13:30:00,26.7,671.0,60.0,48.9,1
2026-06-07 13:31:00,27.0,686.0,53.9,48.4,1
2026-06-07 13:32:00,26.5,668.0,61.1,50.9,1
2026-06-07 13:33:00,26.2,712.0,57.5,48.6,1
2026-06-07 13:34:00,26.4,682.0,57.1,49.0,1
2026-06-07 13:35:00,25.8,700.0,57.0,48.0,1
2026-06-07 13:36:00,25.7,719.0,56.6,48.3,1
2026-06-07 13:37:00,26.1,713.0,59.6,50.8,1
2026-06-07 13:38:00,26.0,667.0,55.4,50.8,1
2026-06-07 13:39:00,25.8,706.0,58.3,47.9,1
2026-06-07 13:40:00,25.2,717.0,56.9,48.1,1
2026-06-07 13:41:00,25.5,720.0,56.2,47.5,1
2026-06-07 13:42:00,24.8,683.0,62.9,47.2,1
2026-06-07 13:43:00,24.7,694.0,58.7,56.6,1
2026-06-07 13:44:00,24.3,730.0,59.1,48.9,1
2026-06-07 13:45:00,25.5,697.0,60.2,48.2,1
2026-06-07 13:46:00,24.7,709.0,55.1,49.4,1
2026-06-07 13:47:00,25.0,749.0,61.5,50.1,1
2026-06-07 13:48:00,24.8,719.0,53.1,49.5,1
2026-06-07 13:49:00,25.3,708.0,56.6,46.1,1
2026-06-07 13:50:00,25.1,707.0,57.3,46.4,1
2026-06-07 13:51:00,24.9,734.0,59.4,48.0,1
2026-06-07 13:52:00,25.6,703.0,58.7,46.6,1
2026-06-07 13:53:00,25.2,728.0,58.0,53.7,1
2026-06-07 13:54:00,25.5,742.0,58.4,47.6,1
2026-06-07 13:55:00,25.3,763.0,56.5,51.6,1
2026-06-07 13:56:00,25.7,753.0,55.5,45.6,1
2026-06-07 13:57:00,26.4,728.0,60.0,49.0,1
2026-06-07 13:58:00,25.9,769.0,60.0,45.6,1
2026-06-07 13:59:00,26.3,742.0,61.8,53.8,1
2026-06-07 14:00:00,26.9,725.0,57.1,44.9,1
2026-06-07 14:01:00,27.0,749.0,60.1,45.9,1
2026-06-07 14:02:00,27.9,784.0,58.2,47.4,1
2026-06-07 14:03:00,28.1,761.0,61.2,45.3,1
2026-06-07 14:04:00,27.5,760.0,60.9,45.3,1
2026-06-07 14:05:00,28.1,795.0,59.3,52.4,1
2026-06-07 14:06:00,28.3,736.0,58.2,44.8,1
2026-06-07 14:07:00,28.1,742.0,60.9,45.4,1
2026-06-07 14:08:00,27.9,738.0,60.3,43.5,1
2026-06-07 14:09:00,28.5,780.0,57.7,47.0,1
2026-06-07 14:10:00,28.6,778.0,56.4,45.2,1
2026-06-07 14:11:00,28.6,808.0,58.5,44.0,1
2026-06-07 14:12:00,28.9,785.0,62.2,42.9,1
2026-06-07 14:13:00,28.6,774.0,61.5,44.5,1
2026-06-07 14:14:00,28.5,785.0,57.0,42.6,1
2026-06-07 14:15:00,28.9,790.0,56.9,42.4,1
2026-06-07 14:16:00,29.0,757.0,61.8,44.2,1
2026-06-07 14:17:00,28.5,847.0,57.0,42.6,1
2026-06-07 14:18:00,29.1,805.0,60.4,42.4,1
2026-06-07 14:19:00,28.2,802.0,58.1,44.0,1
2026-06-07 14:20:00,28.4,812.0,62.6,41.9,1
2026-06-07 14:21:00,28.4,817.0,57.9,42.4,1
2026-06-07 14:22:00,28.2,802.0,61.7,41.8,1
2026-06-07 14:23:00,28.0,795.0,59.9,43.1,1
2026-06-07 14:24:00,28.6,822.0,60.0,43.4,1
2026-06-07 14:25:00,27.6,820.0,55.6,43.6,1
2026-06-07 14:26:00,28.4,799.0,55.2,41.5,1
2026-06-07 14:27:00,27.6,846.0,59.1,41.0,1
2026-06-07 14:28:00,27.3,826.0,60.1,40.9,1
2026-06-07 14:29:00,27.2,837.0,57.4,41.7,1
2026-06-07 14:30:00,27.6,853.0,57.5,46.3,1
2026-06-07 14:31:00,26.3,828.0,60.8,40.8,1
2026-06-07 14:32:00,26.1,836.0,60.8,40.8,1
2026-06-07 14:33:00,26.0,849.0,59.4,40.3,1
2026-06-07 14:34:00,26.0,821.0,61.3,41.8,1
2026-06-07 14:35:00,25.3,839.0,57.4,42.1,1
2026-06-07 14:36:00,25.6,843.0,59.1,41.8,1
2026-06-07 14:37:00,26.0,823.0,63.1,43.6,1
2026-06-07 14:38:00,25.4,891.0,60.0,40.8,1
2026-06-07 14:39:00,25.1,819.0,60.1,39.7,1
2026-06-07 14:40:00,24.9,824.0,64.5,40.0,1
2026-06-07 14:41:00,25.2,879.0,57.1,41.4,1
2026-06-07 14:42:00,24.6,869.0,61.5,41.0,1
2026-06-07 14:43:00,25.4,837.0,63.2,40.5,1
2026-06-07 14:44:00,25.4,872.0,59.3,41.2,1
2026-06-07 14:45:00,24.8,892.0,61.6,40.8,1
2026-06-07 14:46:00,24.8,864.0,58.0,42.9,1
2026-06-07 14:47:00,25.1,919.0,58.6,40.3,1
2026-06-07 14:48:00,25.2,836.0,60.7,41.5,1
2026-06-07 14:49:00,24.7,886.0,61.6,39.0,1
2026-06-07 14:50:00,24.8,898.0,62.2,40.6,1
2026-06-07 14:51:00,24.7,895.0,63.1,42.9,1
2026-06-07 14:52:00,25.4,876.0,59.8,39.1,1
2026-06-07 14:53:00,25.6,877.0,62.4,41.1,1
2026-06-07 14:54:00,25.1,894.0,59.3,40.5,1
2026-06-07 14:55:00,25.6,904.0,61.8,38.0,1
2026-06-07 14:56:00,25.5,902.0,60.4,39.5,1
2026-06-07 14:57:00,25.8,913.0,60.9,38.0,1
2026-06-07 14:58:00,26.4,875.0,60.8,44.5,1
2026-06-07 14:59:00,26.2,893.0,56.8,40.9,1
2026-06-07 15:00:00,26.6,881.0,57.8,37.7,0
2026-06-07 15:01:00,26.4,450.0,60.2,37.7,0
2026-06-07 15:02:00,27.1,450.0,56.6,39.1,0
2026-06-07 15:03:00,27.3,450.0,61.7,38.1,0
2026-06-07 15:04:00,27.2,450.0,61.7,37.3,0
2026-06-07 15:05:00,27.6,450.0,60.6,38.7,0
2026-06-07 15:06:00,27.9,450.0,57.7,38.0,0
2026-06-07 15:07:00,27.7,450.0,62.7,37.2,0
2026-06-07 15:08:00,27.7,450.0,64.1,40.2,0
2026-06-07 15:09:00,28.8,450.0,60.3,41.8,0
2026-06-07 15:10:00,28.2,450.0,61.0,39.6,0
2026-06-07 15:11:00,28.4,450.0,60.4,40.2,0
2026-06-07 15:12:00,28.8,450.0,61.0,37.2,0
2026-06-07 15:13:00,29.6,450.0,59.7,37.3,0
2026-06-07 15:14:00,28.2,450.0,59.9,37.1,0
2026-06-07 15:15:00,28.7,450.0,61.7,39.4,0
2026-06-07 15:16:00,28.3,450.0,64.6,42.4,0
2026-06-07 15:17:00,28.4,450.0,57.1,39.0,0
2026-06-07 15:18:00,28.2,450.0,59.7,40.7,0
2026-06-07 15:19:00,28.0,450.0,57.5,38.4,0
2026-06-07 15:20:00,28.3,450.0,63.0,37.3,0
2026-06-07 15:21:00,27.7,450.0,58.7,37.4,0
2026-06-07 15:22:00,28.3,450.0,56.9,36.4,0
2026-06-07 15:23:00,27.9,450.0,61.1,36.2,0
2026-06-07 15:24:00,27.8,450.0,63.3,38.5,0
2026-06-07 15:25:00,27.4,450.0,61.1,37.2,0
2026-06-07 15:26:00,27.2,450.0,60.2,37.7,0
2026-06-07 15:27:00,27.2,450.0,60.5,37.6,0
2026-06-07 15:28:00,26.6,450.0,62.5,36.6,0
2026-06-07 15:29:00,26.6,450.0,57.9,37.2,0
2026-06-07 15:30:00,26.2,450.0,59.4,37.2,0
2026-06-07 15:31:00,26.0,450.0,58.7,36.9,0
2026-06-07 15:32:00,25.4,450.0,57.3,39.3,0
2026-06-07 15:33:00,26.2,450.0,58.9,37.0,0
2026-06-07 15:34:00,25.4,450.0,61.8,37.6,0
2026-06-07 15:35:00,25.8,450.0,60.7,40.3,0
2026-06-07 15:36:00,25.6,450.0,60.8,39.7,0
2026-06-07 15:37:00,24.7,450.0,59.8,40.1,0
2026-06-07 15:38:00,24.6,450.0,60.5,36.3,0
2026-06-07 15:39:00,25.6,450.0,57.8,35.7,0
2026-06-07 15:40:00,25.2,450.0,58.8,36.2,0
2026-06-07 15:41:00,24.6,450.0,59.8,36.2,0
2026-06-07 15:42:00,24.6,450.0,59.9,40.4,0
2026-06-07 15:43:00,24.2,450.0,59.9,37.6,0
2026-06-07 15:44:00,24.5,450.0,59.0,35.7,0
2026-06-07 15:45:00,24.1,450.0,58.5,35.8,0
2026-06-07 15:46:00,23.7,450.0,65.5,35.8,0
2026-06-07 15:47:00,24.0,450.0,61.0,37.5,0
2026-06-07 15:48:00,24.4,450.0,60.0,38.1,0
2026-06-07 15:49:00,24.2,450.0,58.6,39.3,0
2026-06-07 15:50:00,24.6,450.0,58.2,41.1,0
2026-06-07 15:51:00,24.4,450.0,58.8,35.8,0
2026-06-07 15:52:00,24.6,450.0,59.6,36.1,0
2026-06-07 15:53:00,25.2,450.0,55.2,35.9,0
2026-06-07 15:54:00,25.2,450.0,55.8,36.2,0
2026-06-07 15:55:00,25.3,450.0,57.6,40.2,0
2026-06-07 15:56:00,25.7,450.0,59.2,37.0,0
2026-06-07 15:57:00,25.8,450.0,58.3,38.0,0
2026-06-07 15:58:00,26.3,450.0,61.7,36.6,0
2026-06-07 15:59:00,25.9,450.0,55.7,35.3,0
2026-06-07 16:00:00,26.1,450.0,57.2,35.4,0
2026-06-07 16:01:00,26.0,450.0,61.7,36.8,0
2026-06-07 16:02:00,26.5,450.0,58.8,37.8,0
2026-06-07 16:03:00,27.1,450.0,60.3,35.7,0
2026-06-07 16:04:00,27.4,450.0,62.6,37.8,0
2026-06-07 16:05:00,27.5,450.0,57.0,38.5,0
2026-06-07 16:06:00,26.8,450.0,58.2,36.3,0
2026-06-07 16:07:00,27.8,450.0,57.8,37.9,0
2026-06-07 16:08:00,27.1,450.0,54.4,36.2,0
2026-06-07 16:09:00,28.0,450.0,57.6,37.4,0
2026-06-07 16:10:00,27.8,450.0,60.0,38.1,0
2026-06-07 16:11:00,28.2,450.0,59.2,44.8,0
2026-06-07 16:12:00,27.6,450.0,59.3,36.0,0
2026-06-07 16:13:00,28.4,450.0,57.3,36.2,0
2026-06-07 16:14:00,27.7,450.0,56.7,35.5,0
2026-06-07 16:15:00,27.9,450.0,60.5,35.6,0
2026-06-07 16:16:00,27.8,450.0,56.9,37.5,0
2026-06-07 16:17:00,27.5,450.0,58.4,40.1,0
2026-06-07 16:18:00,28.0,450.0,58.1,36.1,0
2026-06-07 16:19:00,28.4,450.0,60.6,35.5,0
2026-06-07 16:20:00,28.6,450.0,59.6,35.8,0
2026-06-07 16:21:00,27.7,450.0,55.0,36.3,0
2026-06-07 16:22:00,27.8,450.0,55.2,35.8,0
2026-06-07 16:23:00,27.4,450.0,58.6,35.6,0
2026-06-07 16:24:00,27.3,450.0,57.3,37.7,0
2026-06-07 16:25:00,26.9,450.0,56.5,35.1,0
2026-06-07 16:26:00,26.9,450.0,59.3,36.6,0
2026-06-07 16:27:00,26.8,450.0,57.6,38.2,0
2026-06-07 16:28:00,26.2,450.0,57.3,35.7,0
2026-06-07 16:29:00,26.1,450.0,58.7,36.9,0
2026-06-07 16:30:00,25.9,450.0,56.3,37.3,0
2026-06-07 16:31:00,26.0,450.0,60.1,37.2,0
2026-06-07 16:32:00,25.2,450.0,55.4,36.2,0
2026-06-07 16:33:00,25.3,450.0,58.2,35.9,0
2026-06-07 16:34:00,25.7,450.0,59.7,38.7,0
2026-06-07 16:35:00,25.2,450.0,54.0,37.9,0
2026-06-07 16:36:00,25.1,450.0,56.0,35.8,0
2026-06-07 16:37:00,24.5,450.0,58.9,35.3,0
2026-06-07 16:38:00,24.5,450.0,58.9,35.2,0
2026-06-07 16:39:00,24.5,450.0,56.2,35.2,0
2026-06-07 16:40:00,24.6,450.0,55.0,36.8,0
2026-06-07 16:41:00,23.4,450.0,58.3,35.1,0
2026-06-07 16:42:00,23.5,450.0,58.7,35.9,0
2026-06-07 16:43:00,24.3,450.0,53.9,37.8,0
2026-06-07 16:44:00,23.7,450.0,53.7,35.7,0
2026-06-07 16:45:00,23.6,450.0,56.5,37.9,0
2026-06-07 16:46:00,23.4,450.0,57.3,37.8,0
2026-06-07 16:47:00,23.7,450.0,55.4,35.6,0
2026-06-07 16:48:00,23.4,450.0,57.2,37.6,0
2026-06-07 16:49:00,24.6,450.0,54.4,37.8,0
2026-06-07 16:50:00,24.0,450.0,51.5,36.0,0
2026-06-07 16:51:00,24.1,450.0,54.8,35.5,0
2026-06-07 16:52:00,24.4,450.0,55.7,36.5,0
2026-06-07 16:53:00,24.7,450.0,55.0,40.1,0
2026-06-07 16:54:00,24.8,450.0,53.1,37.1,0
2026-06-07 16:55:00,25.0,450.0,51.7,35.4,0
2026-06-07 16:56:00,24.7,450.0,54.3,37.3,0
2026-06-07 16:57:00,25.0,450.0,57.0,36.1,0
2026-06-07 16:58:00,25.5,450.0,57.7,36.8,0
2026-06-07 16:59:00,25.3,450.0,57.5,37.7,0
2026-06-07 17:00:00,25.6,450.0,53.4,36.5,0
2026-06-07 17:01:00,26.0,450.0,52.6,38.4,0
2026-06-07 17:02:00,26.3,450.0,55.8,37.6,0
2026-06-07 17:03:00,25.7,450.0,56.0,36.9,0
2026-06-07 17:04:00,26.6,450.0,55.5,35.3,0
2026-06-07 17:05:00,26.5,450.0,50.6,38.6,0
2026-06-07 17:06:00,27.0,450.0,52.8,40.5,0
2026-06-07 17:07:00,27.1,450.0,54.4,35.3,0
2026-06-07 17:08:00,27.5,450.0,55.4,36.3,0
2026-06-07 17:09:00,27.6,450.0,55.8,35.6,0
2026-06-07 17:10:00,27.7,450.0,54.5,37.8,0
2026-06-07 17:11:00,27.8,450.0,54.8,37.6,0
2026-06-07 17:12:00,27.5,450.0,54.2,35.3,0
2026-06-07 17:13:00,27.5,450.0,55.4,39.2,0
2026-06-07 17:14:00,27.7,450.0,54.5,35.4,0
2026-06-07 17:15:00,27.7,450.0,54.0,38.2,0
2026-06-07 17:16:00,27.4,450.0,53.2,36.2,0
2026-06-07 17:17:00,27.5,450.0,53.8,35.8,0
2026-06-07 17:18:00,27.3,450.0,54.6,35.3,0
2026-06-07 17:19:00,27.0,450.0,54.0,35.4,0
2026-06-07 17:20:00,27.5,450.0,54.2,37.2,0
2026-06-07 17:21:00,27.0,450.0,56.0,36.6,0
2026-06-07 17:22:00,27.5,450.0,53.8,35.3,0
2026-06-07 17:23:00,26.2,450.0,51.9,35.2,0
2026-06-07 17:24:00,26.4,450.0,54.9,35.2,0
2026-06-07 17:25:00,26.4,450.0,50.3,37.7,0
2026-06-07 17:26:00,26.5,450.0,50.8,37.5,0
2026-06-07 17:27:00,26.1,450.0,53.5,35.1,0
2026-06-07 17:28:00,25.8,450.0,53.8,36.6,0
2026-06-07 17:29:00,25.2,450.0,50.2,35.2,0
2026-06-07 17:30:00,24.9,450.0,51.8,39.7,0
2026-06-07 17:31:00,25.2,450.0,51.3,39.8,0
2026-06-07 17:32:00,24.4,450.0,51.4,37.4,0
2026-06-07 17:33:00,24.5,450.0,54.2,40.2,0
2026-06-07 17:34:00,24.6,450.0,53.7,38.3,0
2026-06-07 17:35:00,23.9,450.0,52.1,38.5,0
2026-06-07 17:36:00,24.5,450.0,51.0,36.7,0
2026-06-07 17:37:00,24.2,450.0,49.3,35.7,0
2026-06-07 17:38:00,23.2,450.0,54.7,35.5,0
2026-06-07 17:39:00,23.3,450.0,53.0,35.8,0
2026-06-07 17:40:00,22.8,450.0,50.3,37.0,0
2026-06-07 17:41:00,23.1,450.0,53.1,35.4,0
2026-06-07 17:42:00,23.5,450.0,51.4,35.6,0
2026-06-07 17:43:00,23.1,450.0,50.9,36.3,0
2026-06-07 17:44:00,23.3,450.0,52.3,35.5,0
2026-06-07 17:45:00,22.7,450.0,49.8,36.8,0
2026-06-07 17:46:00,23.3,450.0,50.5,40.1,0
2026-06-07 17:47:00,23.0,450.0,51.4,37.8,0
2026-06-07 17:48:00,23.2,450.0,50.0,37.2,0
2026-06-07 17:49:00,23.2,450.0,52.3,36.7,0
2026-06-07 17:50:00,22.9,450.0,54.6,36.3,0
2026-06-07 17:51:00,23.1,450.0,49.3,35.4,0
2026-06-07 17:52:00,23.8,450.0,47.4,39.5,0
2026-06-07 17:53:00,23.8,450.0,46.6,35.6,0
2026-06-07 17:54:00,24.1,450.0,50.2,35.2,0
2026-06-07 17:55:00,24.1,450.0,49.1,37.8,0
2026-06-07 17:56:00,24.2,450.0,50.8,35.4,0
2026-06-07 17:57:00,23.8,450.0,50.5,35.9,0
2026-06-07 17:58:00,24.5,450.0,47.0,35.1,0
2026-06-07 17:59:00,24.7,450.0,46.5,35.3,0
2026-06-07 18:00:00,25.5,450.0,50.6,35.4,0
2026-06-07 18:01:00,25.3,450.0,50.2,35.1,0
2026-06-07 18:02:00,25.8,450.0,49.0,37.1,0
2026-06-07 18:03:00,25.7,450.0,46.4,38.6,0
2026-06-07 18:04:00,25.5,450.0,50.6,35.9,0
2026-06-07 18:05:00,25.9,450.0,52.1,39.2,0
2026-06-07 18:06:00,26.1,450.0,50.0,35.5,0
2026-06-07 18:07:00,25.9,450.0,47.7,35.8,0
2026-06-07 18:08:00,26.2,450.0,49.4,35.3,0
2026-06-07 18:09:00,26.4,450.0,46.5,36.9,0
2026-06-07 18:10:00,27.0,450.0,51.2,36.1,0
2026-06-07 18:11:00,26.0,450.0,49.2,36.9,0
2026-06-07 18:12:00,27.0,450.0,45.4,37.9,0
2026-06-07 18:13:00,26.4,450.0,48.3,36.6,0
2026-06-07 18:14:00,26.3,450.0,49.7,37.0,0
2026-06-07 18:15:00,27.1,450.0,48.0,40.5,0
2026-06-07 18:16:00,26.9,450.0,48.1,35.7,0
2026-06-07 18:17:00,27.0,450.0,46.1,35.9,0
2026-06-07 18:18:00,26.8,450.0,49.6,37.5,0
2026-06-07 18:19:00,27.1,450.0,47.1,36.9,0
2026-06-07 18:20:00,26.6,450.0,44.0,35.4,0
2026-06-07 18:21:00,26.2,450.0,47.4,35.9,0
2026-06-07 18:22:00,26.2,450.0,50.1,36.3,0
2026-06-07 18:23:00,26.3,450.0,47.2,36.1,0
2026-06-07 18:24:00,25.6,450.0,51.4,35.4,0
2026-06-07 18:25:00,25.4,450.0,48.7,40.2,0
2026-06-07 18:26:00,25.3,450.0,48.4,37.9,0
2026-06-07 18:27:00,24.6,450.0,47.4,36.3,0
2026-06-07 18:28:00,25.0,450.0,47.4,37.3,0
2026-06-07 18:29:00,24.2,450.0,47.0,39.6,0
2026-06-07 18:30:00,24.6,450.0,46.8,35.3,0
2026-06-07 18:31:00,24.6,450.0,48.4,35.6,0
2026-06-07 18:32:00,24.0,450.0,45.4,36.6,0
2026-06-07 18:33:00,24.4,450.0,45.0,38.2,0
2026-06-07 18:34:00,23.2,450.0,44.8,35.1,0
2026-06-07 18:35:00,23.8,450.0,51.1,43.3,0
2026-06-07 18:36:00,23.5,450.0,48.0,36.2,0
2026-06-07 18:37:00,22.6,450.0,47.4,35.9,0
2026-06-07 18:38:00,23.8,450.0,44.6,35.7,0
2026-06-07 18:39:00,22.8,450.0,47.9,35.4,0
2026-06-07 18:40:00,22.4,450.0,46.3,38.1,0
2026-06-07 18:41:00,22.2,450.0,46.9,41.2,0
2026-06-07 18:42:00,22.4,450.0,44.5,36.1,0
2026-06-07 18:43:00,22.4,450.0,46.7,41.1,0
2026-06-07 18:44:00,22.4,450.0,45.4,38.5,0
2026-06-07 18:45:00,22.3,450.0,44.6,36.3,0
2026-06-07 18:46:00,22.5,450.0,47.6,37.2,0
2026-06-07 18:47:00,22.3,450.0,42.9,36.1,0
2026-06-07 18:48:00,21.8,450.0,47.1,36.6,0
2026-06-07 18:49:00,22.4,450.0,47.2,35.1,0
2026-06-07 18:50:00,21.8,450.0,44.0,37.4,0
2026-06-07 18:51:00,22.8,450.0,44.1,35.1,0
2026-06-07 18:52:00,22.5,450.0,45.2,38.4,0
2026-06-07 18:53:00,23.0,450.0,46.1,38.5,0
2026-06-07 18:54:00,23.5,450.0,45.2,35.5,0
2026-06-07 18:55:00,22.9,450.0,46.2,35.8,0
2026-06-07 18:56:00,23.7,450.0,48.8,36.3,0
2026-06-07 18:57:00,23.4,450.0,44.2,36.8,0
2026-06-07 18:58:00,24.3,450.0,41.7,35.7,0
2026-06-07 18:59:00,23.9,450.0,46.7,36.8,0
2026-06-07 19:00:00,23.9,450.0,48.4,35.7,0
2026-06-07 19:01:00,24.6,450.0,45.7,35.1,0
2026-06-07 19:02:00,24.4,450.0,42.7,35.0,0
2026-06-07 19:03:00,24.5,450.0,44.5,35.2,0
2026-06-07 19:04:00,24.8,450.0,42.5,38.1,0
2026-06-07 19:05:00,25.1,450.0,45.9,41.5,0
2026-06-07 19:06:00,25.7,450.0,41.9,36.1,0
2026-06-07 19:07:00,24.8,450.0,43.9,36.4,0
2026-06-07 19:08:00,25.5,450.0,42.4,35.3,0
2026-06-07 19:09:00,25.8,450.0,44.6,36.6,0
2026-06-07 19:10:00,25.8,450.0,43.5,35.3,0
2026-06-07 19:11:00,26.2,450.0,44.5,36.9,0
2026-06-07 19:12:00,25.9,450.0,44.2,40.4,0
2026-06-07 19:13:00,25.9,450.0,42.1,35.4,0
2026-06-07 19:14:00,26.1,450.0,45.2,37.9,0
2026-06-07 19:15:00,26.0,450.0,43.8,35.0,0
2026-06-07 19:16:00,25.8,450.0,41.9,35.9,0
2026-06-07 19:17:00,26.0,450.0,48.3,35.2,0
2026-06-07 19:18:00,25.6,450.0,44.7,35.9,0
2026-06-07 19:19:00,25.6,450.0,43.3,35.4,0
2026-06-07 19:20:00,25.5,450.0,46.4,35.9,0
2026-06-07 19:21:00,25.9,450.0,47.2,36.1,0
2026-06-07 19:22:00,24.4,450.0,43.1,35.7,0
2026-06-07 19:23:00,25.3,450.0,44.1,37.1,0
2026-06-07 19:24:00,25.0,450.0,41.3,40.0,0
2026-06-07 19:25:00,24.3,450.0,42.9,36.0,0
2026-06-07 19:26:00,24.7,450.0,42.8,35.4,0
2026-06-07 19:27:00,24.6,450.0,43.5,35.6,0
2026-06-07 19:28:00,24.4,450.0,43.7,38.8,0
2026-06-07 19:29:00,23.2,450.0,44.1,36.7,0
2026-06-07 19:30:00,24.2,450.0,43.4,36.2,0
2026-06-07 19:31:00,23.3,450.0,40.4,35.3,0
2026-06-07 19:32:00,23.5,450.0,40.9,36.2,0
2026-06-07 19:33:00,23.3,450.0,41.7,35.7,0
2026-06-07 19:34:00,22.6,450.0,42.1,40.7,0
2026-06-07 19:35:00,22.9,450.0,44.7,39.3,0
2026-06-07 19:36:00,22.4,450.0,40.2,35.2,0
2026-06-07 19:37:00,21.7,450.0,41.8,36.5,0
2026-06-07 19:38:00,22.5,450.0,44.4,35.5,0
2026-06-07 19:39:00,21.8,450.0,41.8,36.1,0
2026-06-07 19:40:00,21.6,450.0,43.3,39.2,0
2026-06-07 19:41:00,21.7,450.0,42.0,36.5,0
2026-06-07 19:42:00,21.8,450.0,42.7,35.8,0
2026-06-07 19:43:00,21.6,450.0,41.7,35.5,0
2026-06-07 19:44:00,21.8,450.0,43.5,38.2,0
2026-06-07 19:45:00,21.2,450.0,39.0,37.0,0
2026-06-07 19:46:00,21.3,450.0,41.3,36.3,0
2026-06-07 19:47:00,21.6,450.0,42.6,35.5,0
2026-06-07 19:48:00,22.2,450.0,43.0,35.8,0
2026-06-07 19:49:00,21.7,450.0,44.8,41.4,0
2026-06-07 19:50:00,22.1,450.0,41.0,36.5,0
2026-06-07 19:51:00,21.9,450.0,44.7,36.0,0
2026-06-07 19:52:00,21.8,450.0,40.4,36.5,0
2026-06-07 19:53:00,22.1,450.0,44.3,38.0,0
2026-06-07 19:54:00,22.2,450.0,43.2,35.8,0
2026-06-07 19:55:00,22.6,450.0,39.7,35.4,0
2026-06-07 19:56:00,23.0,450.0,42.1,36.8,0
2026-06-07 19:57:00,22.9,450.0,41.4,37.2,0
2026-06-07 19:58:00,23.3,450.0,42.7,37.5,0
2026-06-07 19:59:00,22.9,450.0,40.9,39.3,0
2026-06-07 20:00:00,23.3,450.0,40.7,35.9,0
2026-06-07 20:01:00,23.4,450.0,44.0,35.2,0
2026-06-07 20:02:00,23.9,450.0,41.1,41.4,0
2026-06-07 20:03:00,23.8,450.0,42.9,36.1,0
2026-06-07 20:04:00,24.4,450.0,40.7,37.0,0
2026-06-07 20:05:00,24.0,450.0,44.5,37.2,0
2026-06-07 20:06:00,24.5,450.0,39.7,36.6,0
2026-06-07 20:07:00,24.8,450.0,39.8,35.5,0
2026-06-07 20:08:00,24.1,450.0,44.1,37.8,0
2026-06-07 20:09:00,25.5,450.0,40.1,38.3,0
2026-06-07 20:10:00,24.9,450.0,44.1,36.6,0
2026-06-07 20:11:00,24.5,450.0,42.7,36.3,0
2026-06-07 20:12:00,25.2,450.0,40.6,35.2,0
2026-06-07 20:13:00,25.2,450.0,37.2,35.2,0
2026-06-07 20:14:00,25.2,450.0,40.8,35.8,0
2026-06-07 20:15:00,25.5,450.0,41.0,35.7,0
2026-06-07 20:16:00,25.4,450.0,43.1,41.1,0
2026-06-07 20:17:00,25.2,450.0,43.9,38.1,0
2026-06-07 20:18:00,25.2,450.0,39.3,37.2,0
2026-06-07 20:19:00,24.9,450.0,42.2,36.5,0
2026-06-07 20:20:00,25.4,450.0,42.1,35.4,0
2026-06-07 20:21:00,24.3,450.0,42.7,42.7,0
2026-06-07 20:22:00,24.6,450.0,41.5,35.9,0
2026-06-07 20:23:00,24.4,450.0,36.6,35.2,0
2026-06-07 20:24:00,24.5,450.0,40.2,36.4,0
2026-06-07 20:25:00,23.8,450.0,38.2,39.1,0
2026-06-07 20:26:00,23.3,450.0,40.0,39.4,0
2026-06-07 20:27:00,23.7,450.0,42.4,35.0,0
2026-06-07 20:28:00,23.5,450.0,41.0,39.3,0
2026-06-07 20:29:00,23.7,450.0,42.7,35.6,0
2026-06-07 20:30:00,22.6,450.0,41.0,35.1,0
2026-06-07 20:31:00,23.1,450.0,37.7,38.8,0
2026-06-07 20:32:00,23.3,450.0,35.3,39.0,0
2026-06-07 20:33:00,22.2,450.0,40.6,36.8,0
2026-06-07 20:34:00,21.7,450.0,39.8,36.7,0
2026-06-07 20:35:00,21.8,450.0,38.3,38.4,0
2026-06-07 20:36:00,21.8,450.0,36.8,38.1,0
2026-06-07 20:37:00,21.7,450.0,38.7,39.4,0
2026-06-07 20:38:00,21.2,450.0,39.8,36.6,0
2026-06-07 20:39:00,21.7,450.0,41.5,41.9,0
2026-06-07 20:40:00,20.8,450.0,40.5,46.1,0
2026-06-07 20:41:00,20.5,450.0,43.4,35.2,0
2026-06-07 20:42:00,21.3,450.0,38.1,38.8,0
2026-06-07 20:43:00,20.2,450.0,41.9,36.4,0
2026-06-07 20:44:00,20.8,450.0,40.2,36.0,0
2026-06-07 20:45:00,21.8,450.0,41.5,36.9,0
2026-06-07 20:46:00,20.8,450.0,39.2,35.1,0
2026-06-07 20:47:00,20.5,450.0,42.2,36.4,0
2026-06-07 20:48:00,20.9,450.0,40.6,39.1,0
2026-06-07 20:49:00,20.9,450.0,38.7,35.5,0
2026-06-07 20:50:00,24.9,450.0,40.0,36.1,0
2026-06-07 20:51:00,26.9,450.0,39.6,40.6,0
2026-06-07 20:52:00,29.9,450.0,41.0,36.1,0
2026-06-07 20:53:00,33.2,450.0,37.7,35.9,0
2026-06-07 20:54:00,34.4,450.0,40.0,36.2,0
2026-06-07 20:55:00,35.5,450.0,40.8,36.5,0
2026-06-07 20:56:00,38.6,450.0,40.1,37.0,0
2026-06-07 20:57:00,41.2,450.0,42.7,38.2,0
2026-06-07 20:58:00,43.4,450.0,41.5,36.2,0
2026-06-07 20:59:00,45.3,450.0,40.0,38.4,0
2026-06-07 21:00:00,48.1,450.0,40.4,36.5,0
2026-06-07 21:01:00,22.5,450.0,40.6,35.8,0
2026-06-07 21:02:00,23.2,450.0,40.8,37.1,0
2026-06-07 21:03:00,23.1,450.0,36.4,37.5,0
2026-06-07 21:04:00,23.1,450.0,39.4,36.6,0
2026-06-07 21:05:00,23.4,450.0,37.0,35.1,0
2026-06-07 21:06:00,24.0,450.0,42.6,35.4,0
2026-06-07 21:07:00,23.7,450.0,39.9,35.7,0
2026-06-07 21:08:00,24.0,450.0,39.6,35.7,0
2026-06-07 21:09:00,24.2,450.0,41.8,37.2,0
2026-06-07 21:10:00,23.7,450.0,40.9,35.0,0
2026-06-07 21:11:00,23.9,450.0,37.8,37.8,0
2026-06-07 21:12:00,24.5,450.0,39.9,35.6,0
2026-06-07 21:13:00,24.2,450.0,39.4,35.7,0
2026-06-07 21:14:00,24.8,450.0,36.6,36.5,0
2026-06-07 21:15:00,24.8,450.0,38.7,35.5,0
2026-06-07 21:16:00,24.7,450.0,39.7,39.3,0
2026-06-07 21:17:00,24.9,450.0,39.9,35.2,0
2026-06-07 21:18:00,24.3,450.0,37.2,36.2,0
2026-06-07 21:19:00,24.4,450.0,42.4,38.8,0
2026-06-07 21:20:00,24.0,450.0,39.9,36.9,0
2026-06-07 21:21:00,24.8,450.0,40.2,35.7,0
2026-06-07 21:22:00,24.5,450.0,41.0,36.1,0
2026-06-07 21:23:00,23.7,450.0,38.6,37.5,0
2026-06-07 21:24:00,23.7,450.0,41.1,42.2,0
2026-06-07 21:25:00,23.8,450.0,39.5,39.5,0
2026-06-07 21:26:00,23.1,450.0,38.5,35.8,0
2026-06-07 21:27:00,22.8,450.0,41.4,47.6,0
2026-06-07 21:28:00,23.0,450.0,43.3,35.0,0
2026-06-07 21:29:00,22.5,450.0,41.8,35.1,0
2026-06-07 21:30:00,22.4,450.0,42.2,38.5,0
2026-06-07 21:31:00,21.8,450.0,39.3,35.4,0
2026-06-07 21:32:00,21.3,450.0,37.2,35.1,0
2026-06-07 21:33:00,21.7,450.0,43.4,35.5,0
2026-06-07 21:34:00,21.7,450.0,44.5,36.1,0
2026-06-07 21:35:00,21.2,450.0,43.5,37.6,0
2026-06-07 21:36:00,21.5,450.0,39.8,37.0,0
2026-06-07 21:37:00,20.7,450.0,38.2,35.5,0
2026-06-07 21:38:00,20.4,450.0,38.4,36.4,0
2026-06-07 21:39:00,20.6,450.0,37.2,40.2,0
2026-06-07 21:40:00,20.4,450.0,40.4,38.4,0
2026-06-07 21:41:00,20.6,450.0,43.8,35.8,0
2026-06-07 21:42:00,20.0,450.0,40.4,43.1,0
2026-06-07 21:43:00,20.6,450.0,41.3,37.5,0
2026-06-07 21:44:00,20.8,450.0,43.5,35.1,0
2026-06-07 21:45:00,20.1,450.0,40.0,35.1,0
2026-06-07 21:46:00,20.5,450.0,44.9,35.4,0
2026-06-07 21:47:00,19.8,450.0,44.8,37.6,0
2026-06-07 21:48:00,20.5,450.0,40.6,35.4,0
2026-06-07 21:49:00,20.6,450.0,39.7,36.4,0
2026-06-07 21:50:00,20.6,450.0,42.3,35.2,0
2026-06-07 21:51:00,20.5,450.0,40.3,40.1,0
2026-06-07 21:52:00,19.7,450.0,38.7,35.8,0
2026-06-07 21:53:00,20.5,450.0,43.6,39.8,0
2026-06-07 21:54:00,20.7,450.0,43.5,40.8,0
2026-06-07 21:55:00,20.7,450.0,41.4,35.0,0
2026-06-07 21:56:00,21.3,450.0,38.6,36.2,0
2026-06-07 21:57:00,21.3,450.0,38.8,35.0,0
2026-06-07 21:58:00,21.3,450.0,41.5,39.8,0
2026-06-07 21:59:00,21.5,450.0,40.3,36.5,0
2026-06-07 22:00:00,21.8,450.0,40.7,35.2,0
2026-06-07 22:01:00,22.5,450.0,43.4,35.2,0
2026-06-07 22:02:00,22.2,450.0,42.9,36.0,0
2026-06-07 22:03:00,22.4,450.0,44.2,40.6,0
2026-06-07 22:04:00,22.6,450.0,39.5,37.4,0
2026-06-07 22:05:00,23.0,450.0,40.9,39.0,0
2026-06-07 22:06:00,23.2,450.0,43.1,35.9,0
2026-06-07 22:07:00,22.4,450.0,42.6,35.1,0
2026-06-07 22:08:00,23.7,450.0,44.8,42.3,0
2026-06-07 22:09:00,24.0,450.0,42.6,35.0,0
2026-06-07 22:10:00,23.3,450.0,45.5,40.9,0
2026-06-07 22:11:00,23.4,450.0,42.9,35.9,0
2026-06-07 22:12:00,23.6,450.0,44.0,35.0,0
2026-06-07 22:13:00,23.6,450.0,41.3,37.3,0
2026-06-07 22:14:00,23.9,450.0,42.0,42.9,0
2026-06-07 22:15:00,23.3,450.0,43.9,41.7,0
2026-06-07 22:16:00,23.5,450.0,45.3,35.4,0
2026-06-07 22:17:00,24.3,450.0,43.6,35.4,0
2026-06-07 22:18:00,23.4,450.0,42.1,36.7,0
2026-06-07 22:19:00,24.0,450.0,45.0,37.0,0
2026-06-07 22:20:00,23.6,450.0,38.0,37.7,0
2026-06-07 22:21:00,22.9,450.0,39.6,35.4,0
2026-06-07 22:22:00,23.5,450.0,43.8,41.4,0
2026-06-07 22:23:00,23.1,450.0,42.5,37.0,0
2026-06-07 22:24:00,22.8,450.0,43.8,38.8,0
2026-06-07 22:25:00,22.8,450.0,42.8,36.6,0
2026-06-07 22:26:00,22.7,450.0,43.8,36.1,0
2026-06-07 22:27:00,22.6,450.0,41.1,42.6,0
2026-06-07 22:28:00,22.5,450.0,43.9,36.7,0
2026-06-07 22:29:00,22.1,450.0,44.9,39.0,0
2026-06-07 22:30:00,21.3,450.0,45.4,41.1,0
2026-06-07 22:31:00,21.4,450.0,47.0,37.3,0
2026-06-07 22:32:00,22.2,450.0,43.5,36.6,0
2026-06-07 22:33:00,21.3,450.0,43.7,35.0,0
2026-06-07 22:34:00,21.6,450.0,40.1,35.1,0
2026-06-07 22:35:00,21.1,450.0,42.2,35.4,0
2026-06-07 22:36:00,20.6,450.0,42.9,35.4,0
2026-06-07 22:37:00,20.4,450.0,45.5,35.6,0
2026-06-07 22:38:00,20.2,450.0,42.2,35.7,0
2026-06-07 22:39:00,19.5,450.0,45.1,35.9,0
2026-06-07 22:40:00,19.9,450.0,43.6,36.1,0
2026-06-07 22:41:00,20.2,450.0,43.3,35.2,0
2026-06-07 22:42:00,19.5,450.0,44.2,35.1,0
2026-06-07 22:43:00,19.8,450.0,43.0,37.2,0
2026-06-07 22:44:00,19.9,450.0,43.0,36.5,0
2026-06-07 22:45:00,19.3,450.0,40.5,36.2,0
2026-06-07 22:46:00,19.5,450.0,43.5,37.0,0
2026-06-07 22:47:00,19.3,450.0,43.1,38.5,0
2026-06-07 22:48:00,19.4,450.0,43.1,36.1,0
2026-06-07 22:49:00,19.4,450.0,45.0,37.0,0
2026-06-07 22:50:00,19.6,450.0,45.6,41.1,0
2026-06-07 22:51:00,20.4,450.0,44.8,38.7,0
2026-06-07 22:52:00,19.8,450.0,46.4,36.1,0
2026-06-07 22:53:00,20.2,450.0,45.6,37.1,0
2026-06-07 22:54:00,20.2,450.0,44.0,35.4,0
2026-06-07 22:55:00,20.9,450.0,43.7,36.6,0
2026-06-07 22:56:00,21.1,450.0,45.3,43.0,0
2026-06-07 22:57:00,21.1,450.0,45.9,36.5,0
2026-06-07 22:58:00,21.2,450.0,47.6,40.3,0
2026-06-07 22:59:00,21.2,450.0,47.3,36.0,0
2026-06-07 23:00:00,21.1,450.0,43.9,48.5,0
2026-06-07 23:01:00,22.3,450.0,44.9,36.7,0
2026-06-07 23:02:00,21.7,450.0,46.5,35.1,0
2026-06-07 23:03:00,22.3,450.0,47.4,36.8,0
2026-06-07 23:04:00,22.6,450.0,47.2,35.6,0
2026-06-07 23:05:00,22.3,450.0,45.3,35.1,0
2026-06-07 23:06:00,22.9,450.0,43.0,38.4,0
2026-06-07 23:07:00,23.0,450.0,43.5,35.6,0
2026-06-07 23:08:00,23.4,450.0,46.2,38.2,0
2026-06-07 23:09:00,22.9,450.0,46.4,35.7,0
2026-06-07 23:10:00,22.8,450.0,43.6,35.4,0
2026-06-07 23:11:00,23.1,450.0,45.9,42.3,0
2026-06-07 23:12:00,23.4,450.0,47.2,35.9,0
2026-06-07 23:13:00,23.4,450.0,43.7,36.8,0
2026-06-07 23:14:00,23.3,450.0,48.3,36.9,0
2026-06-07 23:15:00,22.8,450.0,45.4,36.6,0
2026-06-07 23:16:00,23.5,450.0,48.8,39.9,0
2026-06-07 23:17:00,23.9,450.0,45.3,37.2,0
2026-06-07 23:18:00,23.4,450.0,44.4,36.0,0
2026-06-07 23:19:00,23.4,450.0,45.6,39.0,0
2026-06-07 23:20:00,23.3,450.0,46.4,35.4,0
2026-06-07 23:21:00,23.1,450.0,45.9,36.6,0
2026-06-07 23:22:00,23.1,450.0,46.3,41.0,0
2026-06-07 23:23:00,22.8,450.0,47.5,37.0,0
2026-06-07 23:24:00,22.4,450.0,46.6,38.4,0
2026-06-07 23:25:00,22.1,450.0,46.9,37.1,0
2026-06-07 23:26:00,22.1,450.0,43.7,38.7,0
2026-06-07 23:27:00,22.0,450.0,47.9,40.8,0
2026-06-07 23:28:00,21.6,450.0,47.1,35.6,0
2026-06-07 23:29:00,21.6,450.0,50.5,35.4,0
2026-06-07 23:30:00,21.4,450.0,45.5,36.3,0
2026-06-07 23:31:00,21.3,450.0,43.9,37.4,0
2026-06-07 23:32:00,21.3,450.0,48.8,35.5,0
2026-06-07 23:33:00,20.7,450.0,48.4,35.0,0
2026-06-07 23:34:00,20.1,450.0,45.7,35.8,0
2026-06-07 23:35:00,20.2,450.0,44.8,41.9,0
2026-06-07 23:36:00,20.1,450.0,51.0,37.4,0
2026-06-07 23:37:00,19.4,450.0,50.8,36.0,0
2026-06-07 23:38:00,20.2,450.0,43.1,35.4,0
2026-06-07 23:39:00,19.7,450.0,47.3,35.9,0
2026-06-07 23:40:00,19.6,450.0,51.6,35.4,0
2026-06-07 23:41:00,19.8,450.0,47.4,35.2,0
2026-06-07 23:42:00,19.1,450.0,47.5,39.7,0
2026-06-07 23:43:00,19.4,450.0,48.0,47.1,0
2026-06-07 23:44:00,19.2,450.0,46.4,35.4,0
2026-06-07 23:45:00,19.2,450.0,45.3,35.1,0
2026-06-07 23:46:00,19.0,450.0,50.9,35.8,0
2026-06-07 23:47:00,19.7,450.0,45.2,36.2,0
2026-06-07 23:48:00,19.2,450.0,49.4,35.5,0
2026-06-07 23:49:00,19.6,450.0,50.8,35.7,0
2026-06-07 23:50:00,18.9,450.0,46.2,35.4,0
2026-06-07 23:51:00,19.9,450.0,47.4,38.0,0
2026-06-07 23:52:00,20.0,450.0,51.7,37.5,0
2026-06-07 23:53:00,19.9,450.0,50.5,37.0,0
2026-06-07 23:54:00,19.9,450.0,48.2,36.0,0
2026-06-07 23:55:00,20.3,450.0,52.0,39.8,0
2026-06-07 23:56:00,21.0,450.0,52.1,42.0,0
2026-06-07 23:57:00,20.0,450.0,50.3,35.4,0
2026-06-07 23:58:00,21.0,450.0,48.0,35.5,0
2026-06-07 23:59:00,20.7,450.0,49.1,36.5,0
